bct2010,total_workers,total_workers_error,workers_drive_alone,workers_drive_alone_error
2000100,4650,428,3665,407
2000200,455,176,175,113
2000400,490,145,160,82
2001600,1830,333,850,202
2001900,6515,583,2635,387
2002000,1045,249,310,141
2002300,440,151,120,85
2002400,300,125,145,99
2002500,610,197,150,83
2002701,370,112,140,84
2002702,860,201,295,134
2002800,1225,301,780,252
2003100,1115,265,250,105
2003300,990,244,325,117
2003500,770,239,145,107
2003700,175,96,20,24
2003800,100,70,25,44
2003900,1660,314,475,148
2004001,555,201,250,147
2004100,1085,258,375,171
2004200,2330,432,605,195
2004300,2420,410,720,223
2004400,1370,294,285,117
2004600,350,145,145,83
2004800,525,166,255,99
2005001,200,125,70,76
2005002,295,126,20,31
2005100,4930,531,1560,261
2005200,890,193,295,110
2005300,210,89,65,60
2005400,1445,330,515,150
2005600,640,165,290,117
2005902,1610,321,600,179
2006000,890,209,480,151
2006100,2595,393,1020,266
2006200,380,152,65,57
2006300,7390,729,2465,346
2006400,180,100,15,22
2006500,10070,709,2970,432
2006700,1960,352,450,153
2006800,575,190,285,145
2006900,1325,264,445,136
2007000,540,208,205,123
2007100,2275,389,740,231
2007200,560,193,230,122
2007300,665,192,140,90
2007400,305,124,205,116
2007500,495,169,175,92
2007600,725,205,170,96
2007700,1165,283,315,130
2007800,580,206,250,155
2007900,1000,266,440,183
2008300,1380,323,470,151
2008400,110,71,55,45
2008500,1010,244,340,146
2008600,395,179,65,59
2008700,1180,330,445,185
2008900,1020,249,345,136
2009000,4890,477,2585,360
2009200,1140,293,290,128
2009300,8875,701,4385,496
2009600,5070,598,2375,337
2009800,780,262,280,145
2011000,205,92,145,84
2011502,1415,279,650,197
2011700,4875,611,2320,397
2011800,1360,333,775,253
2011900,1035,242,250,128
2012101,760,221,340,151
2012102,325,159,75,62
2012300,875,283,280,117
2012500,475,159,245,131
2012701,1000,248,305,119
2012901,930,221,220,98
2013000,125,70,80,61
2013100,900,212,190,91
2013200,775,261,320,147
2013300,755,208,185,88
2013500,780,228,150,83
2013800,625,213,105,59
2014100,710,176,160,83
2014300,235,116,85,69
2014400,705,211,365,149
2014500,1140,289,230,116
2014701,1025,244,405,143
2014702,315,124,165,83
2014900,1980,361,870,240
2015100,585,213,160,76
2015200,875,211,470,151
2015300,615,185,310,131
2015500,1285,246,365,136
2015700,730,224,300,136
2015800,530,172,290,105
2015900,1300,266,285,125
2016000,315,138,115,79
2016100,1260,309,435,162
2016200,640,194,250,134
2016300,25,32,0,119
2016400,210,109,80,73
2016500,1660,364,815,262
2016600,1080,254,575,207
2016700,1365,302,735,213
2016900,440,157,140,88
2017100,25,29,0,119
2017300,1105,297,380,173
2017500,600,181,240,113
2017701,685,207,275,136
2017702,310,135,25,26
2017901,450,180,85,65
2017902,505,202,100,65
2018101,320,128,60,54
2018102,1320,247,490,171
2018301,995,215,405,139
2018302,2480,353,985,254
2018400,575,155,315,105
2018500,1850,328,610,177
2018900,1305,314,395,186
2019300,745,196,150,89
2019400,985,244,530,138
2019500,1940,342,455,132
2019700,1515,326,350,128
2019900,825,262,160,94
2020000,4100,407,1885,298
2020100,780,196,235,139
2020200,265,137,175,102
2020400,695,169,285,118
2020501,365,155,20,30
2020502,25,30,0,119
2020601,385,197,185,104
2020900,435,177,85,61
2021001,1055,259,410,172
2021002,515,158,195,98
2021100,735,182,195,96
2021200,1090,307,200,112
2021301,135,80,60,58
2021302,1010,291,215,122
2021501,530,172,125,71
2021502,1630,374,515,179
2021601,580,175,195,95
2021602,795,218,130,84
2021700,895,247,275,135
2021800,485,180,150,98
2021900,940,232,315,124
2022000,985,221,370,136
2022101,765,240,225,121
2022102,450,162,130,84
2022200,1550,340,515,184
2022300,1100,240,305,143
2022401,375,145,85,58
2022403,400,166,85,65
2022404,650,234,145,77
2022500,975,265,240,136
2022701,655,234,225,138
2022702,330,159,105,75
2022703,1065,322,310,130
2022800,375,155,185,99
2022901,2850,444,1050,237
2022902,430,149,175,86
2023000,430,138,130,83
2023100,860,246,215,96
2023200,740,208,135,88
2023301,1020,220,370,179
2023302,630,187,180,109
2023501,1000,236,165,78
2023502,880,219,175,111
2023600,460,154,235,140
2023702,1730,297,270,118
2023703,880,267,230,115
2023704,675,194,155,105
2023800,1775,346,980,242
2023900,1360,258,460,160
2024000,455,148,295,109
2024100,955,194,105,60
2024300,815,238,280,128
2024400,580,223,240,105
2024501,365,133,105,58
2024502,490,171,95,96
2024600,360,155,90,51
2024700,255,119,150,79
2024800,800,189,340,115
2024900,1305,283,630,186
2025000,175,82,40,31
2025100,890,243,215,116
2025200,555,178,155,102
2025300,975,237,290,123
2025400,655,187,230,101
2025500,1090,279,180,99
2025600,405,144,190,92
2025700,220,122,80,87
2026100,2095,423,950,243
2026300,1360,285,410,145
2026400,540,220,215,145
2026500,1795,351,505,187
2026601,490,177,90,70
2026602,1010,247,315,105
2026701,440,238,175,191
2026702,395,153,75,54
2026900,1110,254,130,85
2027300,405,155,75,64
2027401,405,129,275,113
2027402,185,89,70,70
2027600,40,54,0,119
2027700,875,260,200,106
2027900,830,250,125,102
2028100,565,159,280,119
2028300,1635,308,640,208
2028400,5270,541,2775,389
2028500,850,212,205,119
2028600,2215,297,1185,227
2028700,905,240,485,204
2028800,975,293,420,135
2028900,1930,431,540,174
2029301,230,109,85,68
2029302,1310,266,385,161
2029500,1090,277,435,171
2029600,8155,608,4055,421
2029700,1140,249,440,151
2030000,1540,331,740,223
2030100,455,156,230,122
2030200,225,104,100,72
2030701,770,202,180,84
2030900,1905,346,695,160
2031000,1465,242,775,198
2031200,480,181,265,123
2031400,325,145,195,104
2031600,225,147,95,85
2031800,185,116,70,64
2031900,765,517,345,131
2032300,1030,224,385,123
2032400,1385,271,705,194
2032600,605,189,230,120
2032800,665,185,200,113
2033000,665,193,80,57
2033201,625,193,155,83
2033202,1195,260,450,155
2033400,2000,379,680,186
2033500,750,189,215,94
2033600,380,156,160,104
2033700,865,204,465,146
2033800,550,188,120,77
2034000,645,205,85,62
2034200,435,197,270,124
2034300,405,152,105,55
2034400,305,180,145,114
2034500,390,160,165,97
2034800,510,148,285,123
2035000,60,52,30,38
2035100,1500,232,735,178
2035600,665,187,445,150
2035800,650,216,360,156
2035900,335,130,115,83
2036000,345,111,210,83
2036100,770,219,175,92
2036300,750,234,215,108
2036400,355,129,115,70
2036501,480,158,135,84
2036502,245,136,20,30
2036700,365,149,145,99
2036800,455,168,120,74
2036901,800,207,255,114
2036902,200,113,60,56
2037000,40,32,15,23
2037100,925,224,255,111
2037200,775,192,280,105
2037300,455,142,145,88
2037400,435,150,225,110
2037504,2570,373,1265,265
2037600,70,49,10,16
2037800,225,129,50,59
2037900,800,249,260,112
2038000,620,216,315,119
2038100,695,181,265,118
2038200,80,63,35,39
2038301,1165,274,290,120
2038302,1390,282,460,145
2038500,975,271,395,186
2038600,900,308,385,192
2038700,1815,339,840,249
2038800,50,40,20,23
2038900,730,199,300,131
2039000,465,151,145,72
2039100,1700,332,490,147
2039200,100,71,10,15
2039300,1035,249,300,128
2039400,215,98,40,37
2039500,1205,250,240,105
2039600,235,117,45,41
2039700,3790,414,1590,272
2039800,380,149,190,127
2039901,1750,334,395,157
2039902,805,210,205,115
2040100,1590,303,515,161
2040302,110,65,0,119
2040303,205,110,40,35
2040304,495,187,15,21
2040400,140,74,70,52
2040501,240,102,95,76
2040502,355,135,95,69
2040600,450,145,160,82
2040701,270,128,40,43
2040702,830,221,320,108
2040800,195,94,60,51
2040900,2960,367,1205,183
2041100,495,140,220,101
2041300,1270,297,250,142
2041400,690,185,345,126
2041500,640,263,80,53
2041800,885,249,490,181
2041900,1210,273,415,129
2042000,2410,370,1245,254
2042100,10650,823,4830,488
2042200,360,132,195,105
2042300,505,167,130,82
2042400,425,145,270,124
2042500,1215,311,450,169
2042600,465,184,140,78
2042800,145,93,55,52
2042901,80,57,20,25
2042902,390,182,275,135
2043000,45,47,25,30
2043100,2495,406,1055,237
2043400,970,239,390,132
2043500,365,127,135,74
2043600,70,61,60,59
2044200,365,156,165,119
2044400,165,103,50,48
2044800,70,59,0,119
2044901,170,94,135,90
2044902,380,235,105,71
2045101,110,66,40,32
2045102,385,138,165,69
2045600,660,180,275,121
2045800,185,89,115,81
2046000,180,84,95,67
2046201,7100,585,2990,412
2046202,2625,391,1545,276
2048400,1530,360,715,204
2050400,195,109,35,38
2051600,6215,795,2865,430
3000100,1940,333,515,164
3000200,3980,447,1230,216
3000301,2065,315,705,175
3000501,1500,293,365,142
3000502,3600,497,840,207
3000700,3790,429,1050,210
3000900,22010,1073,5320,576
3001100,30545,1341,8955,756
3001300,7435,570,2020,299
3001500,3800,442,1325,283
3001800,13185,863,4855,531
3002000,1265,244,355,159
3002100,9735,747,2520,302
3002200,4930,571,1970,335
3002300,275,116,55,58
3002901,830,193,355,123
3003000,320,134,75,74
3003100,2375,325,760,224
3003300,7955,704,2435,370
3003400,1475,292,560,148
3003500,5695,526,1140,259
3003600,245,111,95,69
3003700,19445,1130,4625,492
3003800,200,94,60,62
3003900,3630,509,945,255
3004100,2465,372,640,183
3004300,3410,466,965,253
3004400,270,124,60,51
3004500,2200,348,715,237
3004600,870,211,295,139
3004700,985,230,275,112
3004900,2080,351,820,219
3005000,425,137,110,72
3005100,1340,218,475,148
3005201,410,172,90,75
3005202,135,84,35,54
3005300,6010,638,2115,339
3005400,995,207,135,76
3005601,635,159,320,120
3005602,280,105,130,72
3005800,2825,382,780,181
3005900,2530,418,1025,222
3006000,1310,289,470,135
3006200,1090,271,295,155
3006300,710,190,320,134
3006400,1085,257,340,123
3006500,1065,252,235,118
3006600,960,227,335,122
3006700,1180,229,280,118
3006800,2415,339,630,184
3006900,2605,417,800,267
3007000,1125,241,515,171
3007100,380,148,135,81
3007200,90,65,45,49
3007400,825,219,350,132
3007500,1700,360,560,209
3007600,915,232,220,116
3007700,3050,444,1115,281
3007800,1040,247,315,132
3008000,1355,328,330,142
3008200,1445,282,460,165
3008400,2950,393,960,245
3008500,455,152,140,77
3008600,65,47,10,14
3008800,820,203,320,139
3009000,875,195,440,149
3009200,730,186,105,59
3009400,885,218,345,122
3009600,1100,268,390,182
3009800,1055,286,320,147
3010000,1320,255,365,135
3010100,2385,334,535,161
3010200,1060,269,250,101
3010400,1690,322,345,145
3010600,1630,263,270,111
3010800,1140,233,335,126
3011000,1370,321,380,153
3011200,1330,310,400,157
3011400,7680,655,3105,359
3011600,565,193,150,86
3011700,1190,255,455,186
3011800,2705,356,1010,230
3011900,4225,506,1745,281
3012000,2190,339,695,197
3012100,895,218,275,104
3012200,1185,235,300,119
3012600,540,195,185,85
3012700,1070,253,275,129
3012801,385,142,75,53
3012901,805,203,300,139
3012902,1675,246,450,184
3013000,1710,353,545,190
3013100,1440,329,315,150
3013200,355,158,175,104
3013300,1150,274,280,132
3013400,2120,290,920,218
3013500,845,229,220,113
3013600,1455,311,390,137
3013700,1630,311,400,124
3013800,1475,270,625,189
3013900,1445,293,415,159
3014000,375,139,135,92
3014100,1895,312,485,173
3014200,865,230,175,76
3014300,1680,321,500,181
3014500,1330,255,375,146
3014700,1105,225,310,143
3014800,460,208,175,102
3014900,1260,265,230,106
3015000,660,213,305,135
3015100,1320,221,250,104
3015200,3245,410,1515,277
3015300,4010,421,1305,242
3015400,155,95,60,63
3015500,1600,299,290,115
3015700,1540,265,260,118
3015900,3010,378,590,153
3016000,2290,330,825,185
3016100,1605,355,330,124
3016200,905,217,325,124
3016300,895,169,300,120
3016400,865,189,470,123
3016500,2180,329,575,178
3016600,180,68,60,38
3016700,1245,243,145,85
3016800,175,139,15,22
3016900,1735,265,480,146
3017000,420,147,130,56
3017100,330,124,95,55
3017200,515,162,150,103
3017400,220,133,45,53
3017500,90,65,0,119
3017600,390,165,150,85
3017700,595,160,135,70
3017800,1335,255,595,148
3017900,1120,276,285,128
3018000,280,138,150,91
3018100,890,223,345,169
3018200,805,156,255,111
3018300,640,219,150,60
3018400,260,123,170,110
3018501,150,82,4,13
3018600,100,97,0,119
3018700,275,128,40,48
3018800,400,144,170,100
3019000,1120,258,410,150
3019100,1415,321,440,202
3019200,1220,279,535,187
3019300,2925,421,470,152
3019400,980,220,310,119
3019500,995,202,325,93
3019600,1080,251,360,119
3019700,795,232,220,112
3019800,665,294,120,85
3019900,1340,303,380,170
3020000,505,151,150,74
3020100,665,187,80,57
3020200,140,78,105,74
3020300,660,175,235,95
3020400,35,41,30,41
3020500,1195,274,420,163
3020600,315,103,170,71
3020700,550,197,75,55
3020800,250,89,65,48
3021000,400,151,135,118
3021100,1560,295,550,178
3021200,490,142,250,111
3021300,1795,289,605,175
3021400,495,171,215,116
3021500,695,181,140,76
3021600,550,214,95,61
3021700,330,140,55,59
3021800,1080,253,270,106
3021900,450,167,130,73
3022000,2630,372,735,172
3022100,625,205,155,91
3022200,1345,264,400,159
3022400,1000,226,380,136
3022600,1605,273,580,151
3022700,1075,259,180,93
3022800,2635,386,1065,232
3022900,260,99,30,30
3023000,1310,302,400,164
3023100,1030,218,265,111
3023200,2650,355,605,163
3023300,910,236,300,133
3023400,1210,270,350,135
3023500,955,239,410,183
3023600,1560,372,455,148
3023800,1085,244,255,134
3024000,1020,225,185,106
3024100,1600,317,395,175
3024200,1085,251,345,133
3024300,520,159,165,89
3024400,1170,252,255,101
3024500,425,140,160,80
3024600,710,170,200,103
3024700,2095,368,820,209
3024800,1160,277,450,162
3024900,940,249,270,106
3025000,1475,283,585,157
3025100,310,125,20,21
3025200,930,232,210,91
3025300,400,149,170,88
3025400,390,133,135,80
3025500,405,162,135,94
3025600,505,155,170,95
3025700,1305,249,520,144
3025800,510,162,85,72
3025901,400,147,50,53
3025902,235,122,15,30
3026000,810,208,330,138
3026100,375,169,55,46
3026200,335,152,125,87
3026300,400,126,220,97
3026400,510,213,115,98
3026500,360,133,60,44
3026600,750,230,120,92
3026700,575,199,130,86
3026800,245,106,95,73
3026900,470,150,245,110
3027000,460,170,110,64
3027100,1900,316,685,169
3027200,280,124,35,33
3027300,580,183,110,74
3027400,520,155,245,90
3027500,640,216,155,101
3027600,995,218,235,108
3027700,370,163,45,38
3027800,870,196,235,90
3027900,405,139,105,66
3028000,535,164,270,117
3028100,260,114,90,64
3028200,530,169,170,90
3028300,410,162,55,45
3028400,725,258,165,90
3028501,3595,381,1220,235
3028502,205,102,120,90
3028600,295,109,60,45
3028700,630,162,105,69
3028800,1205,240,320,108
3028900,455,153,160,69
3029000,1080,225,345,133
3029100,600,157,150,78
3029200,325,132,90,62
3029300,320,104,25,34
3029400,1565,293,470,171
3029500,465,174,70,80
3029600,1065,255,205,98
3029700,410,146,165,82
3029800,1120,255,230,99
3029900,570,158,165,77
3030000,870,254,85,67
3030100,590,178,255,116
3030200,230,89,70,52
3030300,575,219,295,165
3030400,1745,326,745,158
3030500,1865,347,630,207
3030600,590,186,230,111
3030700,885,233,265,108
3030800,1065,242,390,137
3030900,215,117,85,67
3031100,220,114,50,37
3031300,455,154,100,56
3031400,855,278,365,158
3031500,605,182,180,104
3031701,530,192,130,77
3031702,470,162,100,79
3031900,620,167,210,118
3032100,875,227,240,102
3032300,555,204,205,144
3032500,805,203,250,111
3032600,1160,261,380,131
3032700,955,257,350,120
3032800,1325,303,610,211
3032900,535,176,280,140
3033000,375,128,70,41
3033100,675,167,345,133
3033300,640,163,95,57
3033500,455,141,55,43
3033600,470,175,200,106
3033700,965,236,185,103
3033900,640,200,195,112
3034000,1020,241,230,97
3034100,885,255,275,152
3034200,1285,308,360,157
3034300,395,131,120,67
3034500,375,153,110,86
3034700,435,141,190,91
3034800,2555,422,975,197
3034900,450,189,105,67
3035000,685,183,360,114
3035100,840,236,190,127
3035200,1400,286,320,106
3035300,395,154,45,42
3035400,1780,295,675,187
3035500,540,173,55,50
3035601,130,63,15,26
3035602,730,256,160,82
3035700,105,72,10,17
3035900,370,122,105,69
3036001,675,201,155,89
3036002,615,174,120,64
3036100,590,198,95,77
3036200,1335,257,310,118
3036300,345,152,125,89
3036400,400,128,170,85
3036501,320,127,120,81
3036502,335,143,45,46
3036600,1370,251,410,157
3036700,665,206,355,143
3036900,485,143,200,91
3037000,3590,496,1475,289
3037100,235,124,120,105
3037300,455,181,160,86
3037401,590,163,125,76
3037402,585,158,180,102
3037500,765,204,235,127
3037700,305,103,85,51
3037900,330,129,130,86
3038100,435,142,190,105
3038200,540,187,125,65
3038300,250,144,30,43
3038500,295,134,0,119
3038600,1645,273,745,209
3038700,1295,268,565,164
3038800,280,105,145,76
3038900,860,209,220,104
3039000,225,118,75,66
3039100,1360,307,280,133
3039200,645,164,175,81
3039300,770,202,210,83
3039400,750,233,220,131
3039500,305,147,55,68
3039600,265,120,110,79
3039700,525,173,135,91
3039800,1255,298,560,181
3039900,560,194,95,65
3040000,465,138,180,98
3040100,540,169,135,101
3040200,655,194,240,111
3040300,615,196,215,107
3040400,1000,235,325,140
3040500,485,176,170,112
3040600,190,100,10,18
3040800,355,153,55,45
3040900,475,141,60,46
3041000,755,155,315,103
3041100,100,78,30,35
3041200,705,191,190,93
3041300,285,115,25,26
3041401,240,101,115,69
3041402,215,95,40,33
3041500,345,141,100,55
3041600,620,193,110,54
3041700,410,187,45,51
3041800,925,279,360,175
3041900,435,184,160,86
3042000,1280,274,255,92
3042100,365,130,60,43
3042200,1000,254,275,114
3042300,1100,227,270,128
3042400,875,191,190,91
3042500,750,195,345,133
3042600,510,177,90,67
3042700,580,177,80,58
3042800,1220,292,220,108
3042900,1105,256,370,148
3043000,530,152,195,81
3043100,980,268,365,129
3043200,480,171,190,97
3043300,630,196,335,139
3043400,455,137,150,82
3043500,730,197,90,55
3043600,675,208,130,75
3043700,430,185,40,37
3043800,300,150,80,74
3043900,740,201,140,79
3044000,665,181,195,95
3044100,505,193,180,88
3044200,620,202,145,104
3044300,2645,424,805,193
3044400,290,118,65,52
3044500,790,184,265,107
3044600,600,140,305,86
3044700,935,251,255,137
3044800,610,209,230,122
3044900,6910,580,3010,356
3045000,360,128,165,80
3045200,205,99,65,61
3045300,1890,324,680,207
3045400,765,192,300,122
3045600,635,169,320,128
3045800,185,96,45,42
3046000,650,188,210,89
3046201,540,150,245,113
3046202,905,250,245,129
3046400,940,243,240,104
3046800,540,191,310,136
3047000,855,276,215,115
3047200,480,196,125,62
3047400,615,147,140,65
3047600,775,164,285,91
3047700,720,218,175,105
3047800,1015,241,210,104
3048000,1915,339,780,210
3048100,1075,258,265,135
3048200,780,229,215,86
3048400,685,208,230,107
3048500,3045,411,1095,250
3048600,1015,264,300,130
3048800,685,184,115,59
3048900,220,101,65,45
3049000,600,192,175,83
3049100,2260,340,260,106
3049200,590,221,230,144
3049300,1290,280,440,152
3049400,680,222,125,85
3049500,905,281,260,137
3049600,1195,305,235,106
3049700,750,236,320,129
3049800,485,161,100,61
3049900,395,133,155,87
3050000,570,184,275,128
3050100,780,211,110,67
3050202,335,143,20,26
3050300,595,184,35,36
3050400,560,141,140,74
3050500,880,300,235,87
3050600,780,206,305,123
3050700,980,230,265,114
3050801,650,194,110,80
3050803,260,119,60,62
3050804,335,123,90,80
3050900,415,130,175,101
3051001,195,102,4,13
3051002,490,211,100,80
3051100,470,172,130,99
3051200,495,233,30,36
3051300,1170,286,360,197
3051400,190,121,15,25
3051500,545,179,210,107
3051601,195,98,0,119
3051602,515,165,140,109
3051700,790,175,205,94
3051800,485,157,100,80
3051900,1485,282,330,139
3052000,595,172,265,109
3052300,800,211,145,95
3052500,1380,268,610,156
3052600,865,256,350,153
3052700,1295,277,410,149
3052800,170,77,50,41
3052900,1345,292,290,122
3053000,740,205,210,110
3053100,650,167,175,99
3053200,400,148,200,104
3053300,955,203,190,94
3053400,795,216,200,96
3053500,1540,261,340,125
3053700,2110,337,620,163
3053800,900,217,255,104
3053900,335,132,100,74
3054200,865,271,100,53
3054300,3685,428,1235,240
3054400,335,140,15,21
3054500,315,133,80,56
3054600,1000,231,170,83
3054700,605,174,190,97
3054800,75,49,0,119
3054900,1465,273,330,127
3055000,470,159,65,54
3055100,1100,245,175,82
3055200,1210,249,235,103
3055300,1485,222,470,175
3055400,2475,368,555,150
3055500,1215,328,220,119
3055600,450,127,110,59
3055700,1660,275,580,167
3055800,630,190,210,95
3056000,495,182,195,97
3056100,1965,352,685,179
3056200,195,119,15,29
3056300,1090,247,280,130
3056400,130,82,20,27
3056500,1255,238,360,111
3056600,430,145,145,72
3056800,170,108,15,26
3056900,1100,264,395,165
3057000,940,216,420,154
3057100,760,184,295,148
3057200,220,120,45,43
3057300,600,172,185,102
3057400,105,65,4,11
3057500,905,208,190,83
3057600,420,125,165,87
3057800,870,193,240,119
3057900,2980,383,1285,242
3058000,645,233,155,89
3058200,805,249,185,87
3058400,590,171,280,107
3058600,260,112,75,52
3058800,390,149,215,94
3058900,1685,271,1025,203
3059000,505,160,110,71
3059100,535,203,115,100
3059200,1015,207,340,126
3059300,740,245,240,105
3059401,1010,211,470,127
3059402,640,262,125,77
3059600,535,154,200,92
3059800,165,95,40,36
3060000,1395,313,390,146
3060600,1270,270,430,166
3060800,1900,300,690,166
3061002,190,97,20,25
3061003,80,71,10,14
3061004,1255,283,325,113
3061200,125,87,50,51
3061600,1865,261,985,179
3062000,300,113,95,60
3062200,605,165,210,90
3062600,470,142,145,81
3062800,760,208,250,122
3063200,145,80,50,49
3063600,20,38,0,119
3063800,50,51,0,119
3064000,115,74,40,34
3064200,1165,226,340,108
3064400,390,162,175,84
3064600,340,136,155,85
3064800,210,118,75,58
3065000,550,178,250,111
3065200,420,161,190,83
3065400,120,58,80,57
3065600,370,177,170,104
3065800,180,92,15,20
3066000,70,58,35,39
3066200,1175,267,625,232
3066600,445,135,315,116
3067000,105,110,25,29
3067200,775,211,400,130
3067400,660,185,265,132
3067600,525,164,345,118
3067800,95,79,60,70
3068000,415,144,100,60
3068200,330,132,110,67
3068600,60,34,20,21
3068800,95,66,35,42
3069000,310,138,70,60
3069200,275,112,85,57
3069601,715,289,295,209
3069602,715,198,370,157
3069800,1235,230,600,172
3070000,80,58,15,29
3070201,265,128,95,52
3070202,600,198,460,182
3070600,430,151,130,84
3072000,705,217,270,111
3072200,355,121,130,83
3072400,195,98,10,14
3072600,750,194,365,120
3072800,285,112,155,87
3073000,45,36,25,28
3073200,105,88,0,119
3073400,240,177,140,89
3073600,200,86,90,56
3073800,560,151,190,102
3074000,905,228,205,101
3074200,380,148,195,108
3074400,120,83,10,22
3074600,1805,315,900,244
3074800,700,164,235,94
3075000,570,142,180,90
3075200,30,31,30,31
3075400,185,95,70,58
3075600,145,70,40,35
3075800,195,91,130,82
3076000,225,88,85,60
3076200,270,124,65,65
3076400,150,76,10,13
3076600,125,102,0,119
3076800,2080,334,740,150
3077000,205,92,70,52
3077200,3720,434,1215,231
3077400,755,202,165,82
3077600,240,115,10,16
3078000,135,91,15,26
3078200,110,63,50,41
3078400,245,118,55,50
3078600,600,160,230,119
3078800,415,137,140,70
3079000,260,113,120,86
3079200,380,132,80,61
3079400,1380,229,380,121
3079601,350,149,55,37
3079602,980,229,145,83
3079801,275,134,65,71
3079802,465,176,30,34
3080000,330,131,75,66
3080200,525,169,130,67
3080400,590,215,185,145
3080600,375,151,30,34
3080800,4295,425,1890,274
3081000,615,175,205,96
3081400,530,168,160,85
3081600,6270,614,2755,370
3081800,565,168,190,104
3082000,475,179,155,86
3082200,845,236,320,155
3082400,755,179,405,145
3082600,245,122,85,61
3082800,310,146,45,38
3083000,190,90,95,70
3083200,125,113,10,17
3083400,170,133,35,34
3083600,825,207,335,106
3083800,205,123,115,78
3084000,345,127,220,104
3084600,285,112,180,96
3084800,140,81,60,40
3085000,230,127,120,100
3085200,10,13,10,13
3085400,160,101,75,70
3085600,360,123,110,57
3085800,170,106,0,119
3086000,395,215,60,56
3086200,340,119,140,73
3086400,440,147,180,102
3086600,300,140,55,47
3086800,490,170,175,118
3087000,510,202,145,88
3087200,615,219,280,172
3087401,160,88,80,58
3087600,520,171,175,91
3087800,1900,407,845,246
3088000,565,168,155,68
3088200,240,109,65,55
3088400,340,146,35,43
3088600,425,143,115,59
3088800,240,117,135,79
3089000,3080,440,1455,258
3089200,470,161,115,80
3089400,215,102,35,36
3089600,430,147,115,62
3089800,130,102,50,75
3090000,780,186,125,68
3090200,505,153,80,57
3090600,665,195,330,152
3090800,790,178,325,107
3091000,480,178,230,140
3091200,290,120,65,63
3091600,555,163,175,82
3091800,340,129,115,74
3092000,85,71,40,51
3092200,90,50,25,26
3092400,1915,328,735,199
3092800,195,113,125,92
3093000,285,131,110,85
3093200,2145,329,700,162
3093400,300,117,55,41
3093600,260,100,90,52
3093800,140,106,0,119
3094401,1035,227,380,128
3094402,75,45,4,10
3094600,600,184,335,118
3095000,560,203,355,170
3095400,125,66,25,29
3095600,775,218,305,144
3095800,340,160,185,116
3096000,1190,280,615,171
3096200,405,131,180,94
3096400,195,86,55,55
3096600,450,146,100,63
3096800,275,127,105,87
3097000,255,125,145,88
3097400,870,199,300,103
3098200,185,93,35,36
3098400,75,49,20,21
3098600,340,160,100,69
3098800,470,168,120,68
3099000,410,177,180,109
3099200,110,75,40,47
3099400,85,44,60,37
3099600,200,102,100,67
3099800,220,118,65,67
3100400,60,54,0,119
3100600,15,26,0,119
3100800,380,138,90,53
3101000,125,81,0,119
3101200,160,96,45,41
3101400,4,6,4,6
3101600,45,43,20,33
3101800,135,76,35,43
3102000,40,48,0,119
3102200,205,116,120,77
3102400,55,49,10,14
3102600,15,27,15,27
3102800,295,120,55,44
3103400,225,83,95,57
3105801,695,194,235,100
3105804,855,220,375,126
3107000,2975,480,1005,227
3107800,995,209,480,147
3109800,3275,448,1700,320
3110400,2435,439,1000,245
3110600,140,91,40,52
3111000,235,97,50,49
3111600,2210,351,1170,246
3111800,230,116,165,96
3112000,280,122,95,56
3112200,150,85,50,40
3112400,235,118,135,77
3112600,885,271,315,127
3112800,220,100,20,25
3113000,235,139,95,71
3113200,270,135,90,60
3113400,365,145,135,83
3114201,1240,292,645,190
3114202,25,45,0,119
3114400,2570,421,965,254
3114600,185,122,10,22
3115000,225,105,180,108
3115200,220,103,55,50
3115600,480,149,185,99
3115800,115,62,50,35
3116000,55,52,35,39
3116200,100,73,0,119
3116400,405,179,175,132
3116600,135,74,0,119
3116800,710,176,405,149
3117000,495,169,195,82
3117201,285,139,30,30
3117202,185,105,30,34
3117400,550,173,210,98
3117601,250,117,135,94
3117602,300,112,145,65
3117800,280,151,90,73
3118000,355,101,235,80
3118201,380,159,105,73
3118202,350,164,65,61
3118400,325,125,100,74
3118600,160,88,35,37
3118800,420,157,60,48
3119000,95,82,20,18
3119200,200,96,120,78
3119400,1510,257,270,118
3119600,1120,259,400,153
3119800,1560,275,550,138
3120000,205,97,20,25
3120200,165,101,155,101
3120800,750,221,255,118
3121000,150,87,20,35
3121400,105,73,0,119
3122000,1845,256,1120,215
3123700,14030,1241,3830,576
3150200,3860,467,795,200
3152200,5130,558,1220,274
1000201,920,219,85,69
1000202,3605,473,430,163
1000500,725,204,115,61
1000600,5065,635,490,138
1000700,76420,2655,7315,634
1000800,4870,505,395,151
1000900,63665,2167,6350,570
1001001,310,120,60,53
1001002,670,224,35,36
1001200,1490,293,335,136
1001300,44150,1641,4600,518
1001401,1545,270,95,80
1001402,1820,354,200,95
1001501,16120,882,1440,280
1001502,40930,1356,4550,466
1001600,6665,615,1060,238
1001800,5980,580,430,129
1002000,470,149,50,53
1002100,34480,1285,3855,420
1002201,2120,395,275,127
1002202,910,228,185,75
1002400,260,105,60,53
1002500,950,252,170,105
1002601,1420,304,195,132
1002602,1465,279,245,92
1002700,1675,333,350,121
1002800,2475,435,210,81
1002900,20390,1028,4200,519
1003001,3685,510,375,171
1003002,1875,320,155,88
1003100,32600,1473,5340,504
1003200,3860,483,315,124
1003300,27240,1206,3285,415
1003400,3695,526,230,123
1003601,2090,353,160,103
1003602,2645,467,345,166
1003700,35365,1596,3615,501
1003800,6725,610,785,217
1003900,18180,947,1450,258
1004000,5760,546,405,126
1004100,10020,794,1310,268
1004200,4220,483,330,143
1004300,11705,857,770,236
1004400,3970,462,1055,298
1004500,9630,643,690,161
1004700,9060,745,830,226
1004800,7850,785,1020,234
1004900,15780,986,1110,232
1005000,21145,1226,2965,459
1005200,26750,1265,2490,346
1005400,24170,1220,2275,426
1005501,7295,577,520,280
1005502,7145,682,745,189
1005600,32710,1459,2670,402
1005700,12590,763,825,201
1005800,24605,1246,2375,385
1005900,6685,515,525,158
1006000,765,208,100,73
1006100,12325,871,815,193
1006200,18605,995,2700,403
1006300,9380,803,935,222
1006400,7975,731,1345,270
1006500,6350,575,465,153
1006600,4860,569,665,204
1006700,5100,594,460,147
1006800,17345,1117,1845,460
1006900,8055,692,935,251
1007000,4485,520,430,158
1007100,8050,767,795,205
1007200,18180,1223,1505,269
1007300,3960,562,290,135
1007400,30375,1355,2505,369
1007500,2715,431,410,167
1007600,30905,1568,2845,464
1007700,6675,707,850,195
1007800,6270,525,795,214
1007900,7330,618,800,202
1008000,28760,1209,2045,347
1008100,6670,619,615,193
1008200,42980,1513,3690,443
1008300,12720,828,1220,238
1008400,23340,1194,1940,305
1008601,1405,289,100,93
1008602,3170,440,330,161
1008603,5845,567,540,177
1008700,8415,678,830,212
1008800,24940,1147,2095,386
1008900,2000,366,245,106
1009000,18975,954,1610,295
1009100,11670,798,1055,245
1009200,56265,1619,4285,447
1009300,2345,362,130,95
1009400,49190,1732,4100,401
1009500,18210,1126,1785,259
1009600,45125,1664,3090,457
1009700,3485,501,505,165
1009800,10450,761,760,189
1009900,18795,1104,3805,431
1010000,37125,1515,3000,410
1010100,37440,1501,3230,420
1010200,43160,1380,3075,284
1010300,13320,854,1750,255
1010400,41740,1510,3630,522
1010601,2830,396,420,118
1010602,2630,367,380,154
1010800,11560,820,1190,246
1010900,41035,1409,2730,361
1011000,4325,478,455,147
1011100,13880,870,1660,247
1011201,11730,815,1085,230
1011202,20020,1100,1585,252
1011203,14185,872,950,204
1011300,32430,1424,2340,335
1011401,11085,725,1100,208
1011402,8785,789,920,202
1011500,9235,680,890,191
1011600,19035,1307,2925,445
1011700,1860,329,500,180
1011800,4515,517,645,190
1011900,45330,1590,3100,364
1012000,7585,675,790,189
1012100,7240,795,805,221
1012200,5870,571,720,188
1012400,8590,755,1320,310
1012500,40390,1281,3100,413
1012600,4545,676,380,120
1012700,7270,659,780,246
1012800,7435,673,875,164
1012900,7470,622,1790,332
1013000,5550,611,595,145
1013100,39670,1523,2675,409
1013200,2950,398,300,128
1013300,4640,506,600,189
1013400,4295,497,530,159
1013500,10475,839,2210,326
1013600,4705,438,545,152
1013700,31495,1216,2905,419
1013800,3945,515,670,203
1013900,7135,678,665,185
1014000,4175,478,360,131
1014200,7135,616,770,177
1014300,255,111,15,25
1014401,900,240,120,80
1014402,2015,363,480,164
1014500,14315,1043,1810,318
1014601,2540,368,525,169
1014602,1785,311,150,70
1014700,1375,280,205,109
1014801,1755,328,320,144
1014802,3605,456,315,126
1014900,10340,791,1075,186
1015001,1535,295,180,82
1015002,3690,450,565,164
1015100,4345,497,640,167
1015200,2070,337,490,238
1015300,8895,736,1200,224
1015400,3185,419,320,107
1015500,1595,298,80,44
1015601,1145,298,230,131
1015602,2820,411,730,158
1015700,4145,503,310,137
1015801,2965,445,320,141
1015802,870,235,70,74
1015900,3395,460,465,179
1016001,2465,390,205,95
1016002,840,196,50,36
1016100,2010,356,195,90
1016200,1020,207,310,100
1016300,3765,492,270,97
1016400,1080,276,145,86
1016500,3535,473,430,165
1016600,1510,257,360,139
1016700,3105,515,150,102
1016800,11895,783,2100,260
1016900,3295,393,330,115
1017000,1425,304,255,122
1017100,3600,478,405,132
1017200,1530,324,300,128
1017300,2800,385,195,111
1017401,2130,381,280,118
1017402,295,116,30,38
1017500,2760,406,290,130
1017700,2250,358,275,100
1017800,885,220,180,83
1017900,3075,400,275,130
1018000,1355,306,385,163
1018100,2265,349,415,197
1018200,1520,281,455,139
1018300,2485,400,320,123
1018400,1125,291,115,72
1018500,800,195,75,61
1018600,515,179,110,73
1018700,2770,419,320,142
1018800,1375,312,215,101
1018900,3005,436,500,140
1019000,550,168,70,65
1019100,2375,371,120,78
1019200,1025,253,335,139
1019300,1090,375,95,67
1019400,1875,348,325,87
1019500,1495,296,200,114
1019600,3060,481,645,197
1019701,585,180,70,55
1019702,245,137,35,60
1019800,2495,397,390,101
1019900,3770,576,405,169
1020000,1740,326,210,114
1020101,5795,553,625,146
1020102,545,193,60,52
1020300,6355,532,670,192
1020500,3610,458,235,86
1020600,800,194,65,55
1020701,565,170,120,70
1020800,555,170,40,34
1020901,1240,283,215,94
1021000,180,84,80,55
1021100,1755,310,250,123
1021200,4065,559,920,227
1021303,1210,291,225,136
1021400,415,173,50,38
1021500,360,182,20,26
1021600,1115,241,165,89
1021703,2590,370,485,152
1021800,1440,293,165,108
1021900,2565,343,825,206
1022000,1265,348,225,105
1022102,665,201,185,94
1022200,3900,580,425,152
1022301,1490,304,220,113
1022302,750,209,170,106
1022400,835,231,75,44
1022500,1185,297,225,114
1022600,715,200,150,87
1022700,1120,239,70,39
1022800,1185,261,345,135
1022900,785,215,85,63
1023000,965,270,105,82
1023100,1090,248,195,104
1023200,1125,322,255,137
1023300,1015,261,190,92
1023400,640,209,180,112
1023501,810,241,200,142
1023502,100,80,50,67
1023600,445,163,130,84
1023700,940,277,135,107
1023801,550,174,210,96
1023802,2845,431,970,228
1023900,375,152,85,82
1024000,1570,310,1020,233
1024100,1535,318,180,99
1024200,1540,288,505,158
1024301,800,223,125,91
1024302,675,188,95,67
1024500,2575,447,500,187
1024700,530,191,70,48
1024900,615,170,140,84
1025100,14185,910,2935,338
1025300,1370,299,135,75
1025500,4920,526,1120,200
1025700,1305,253,315,141
1025900,380,143,40,36
1026100,1825,380,155,128
1026300,1660,349,340,125
1026500,990,258,120,77
1026700,475,163,60,42
1026900,3395,534,845,290
1027100,2200,400,445,161
1027300,1100,261,225,130
1027500,400,188,35,38
1027700,2295,383,410,175
1027900,665,179,190,102
1028100,440,177,30,32
1028300,1310,298,290,136
1028500,2235,425,425,169
1028700,1060,284,150,86
1029100,1750,640,315,217
1029300,3950,501,485,176
1029500,1330,347,190,80
1029700,1530,302,350,122
1029900,2240,329,915,227
1030300,985,282,300,185
1030700,560,201,100,76
1030900,900,203,350,124
1031100,30,33,15,22
1031703,16565,888,1870,271
1031704,11500,1045,585,172
1031900,24985,1267,7720,683
4000100,10820,923,5025,550
4000200,375,116,105,62
4000400,415,142,185,89
4000600,250,112,105,67
4000700,8730,691,3765,369
4000800,240,113,135,84
4001000,790,230,240,112
4001200,790,208,300,123
4001400,590,185,205,130
4001600,430,170,190,98
4001800,505,197,190,98
4001900,17270,995,5755,573
4002000,545,155,195,100
4002200,405,148,135,85
4002400,250,109,90,62
4002500,425,146,110,79
4002600,290,147,65,57
4002800,520,159,135,86
4003000,210,106,70,62
4003100,1885,329,1050,265
4003200,1280,190,505,139
4003300,9670,794,3625,473
4003400,1160,230,510,170
4003600,385,180,75,59
4003700,1065,251,560,198
4003800,910,254,715,233
4003900,1560,280,665,189
4004001,815,218,350,159
4004002,560,195,445,171
4004200,630,168,280,101
4004300,1005,256,475,175
4004401,260,114,175,87
4004500,1250,224,615,144
4004700,830,248,260,120
4005100,1470,271,630,193
4005200,455,158,160,84
4005300,690,191,290,128
4005400,1015,231,465,150
4005500,3935,474,1440,264
4005700,2975,426,1240,208
4005800,665,204,190,99
4005900,1495,320,410,137
4006100,1475,263,475,146
4006201,495,162,175,84
4006202,765,187,405,142
4006300,2255,432,685,182
4006501,855,233,385,140
4006502,1220,270,525,128
4006900,1730,344,570,162
4007100,2000,371,935,254
4007300,2170,378,920,240
4007500,770,213,240,111
4007700,1095,245,385,134
4007900,710,202,240,101
4008100,1120,303,425,174
4008300,1120,279,535,179
4008500,2225,353,1190,250
4008600,720,242,260,159
4008700,1075,238,340,132
4008800,140,79,20,27
4009100,550,158,270,141
4009400,995,263,500,177
4009500,160,86,95,69
4009600,300,132,170,107
4009700,580,207,125,88
4009800,430,164,140,77
4009900,25,28,15,25
4010000,515,152,265,117
4010100,305,136,135,97
4010200,545,154,165,90
4010300,845,254,345,135
4010400,540,183,70,48
4010500,165,96,60,43
4010600,1055,242,465,151
4010701,1635,248,1120,198
4010800,385,143,225,120
4011000,455,149,200,111
4011100,535,161,170,77
4011200,1065,230,580,166
4011300,865,205,420,163
4011400,490,140,325,123
4011500,2315,374,840,219
4011600,245,128,110,88
4011700,830,208,310,121
4011800,330,128,60,42
4011900,500,170,250,123
4012000,925,233,305,137
4012100,540,159,245,115
4012200,690,196,320,122
4012301,5010,578,3015,464
4012400,850,204,505,146
4012500,525,216,230,144
4012601,225,106,70,61
4012602,590,167,240,99
4012800,595,233,235,117
4013000,605,190,285,123
4013200,1110,233,440,142
4013400,580,193,235,108
4013500,245,114,120,80
4013600,505,149,210,84
4013700,590,155,245,110
4013800,415,138,210,109
4014000,550,160,215,99
4014100,1505,356,890,259
4014201,725,225,185,96
4014202,5525,563,2840,409
4014300,1005,245,330,151
4014400,1305,260,515,166
4014500,170,94,85,58
4014700,690,197,145,80
4014800,155,91,105,62
4014900,575,192,140,84
4015000,150,87,10,17
4015100,845,238,465,177
4015200,315,114,110,65
4015300,245,118,110,75
4015400,645,189,395,146
4015500,2090,306,790,212
4015600,605,165,300,109
4015700,2050,320,575,153
4015801,850,240,390,162
4015802,1350,306,350,146
4015900,865,181,335,127
4016100,670,202,320,134
4016300,1045,243,485,161
4016400,165,123,30,28
4016600,475,176,215,119
4016800,155,112,20,29
4016900,865,238,350,164
4017000,350,149,190,96
4017100,7220,653,2660,407
4017200,210,113,155,98
4017400,120,82,10,15
4017600,195,97,115,74
4017800,340,127,180,95
4017900,15440,1045,5660,547
4018000,385,145,105,66
4018101,1320,316,320,141
4018102,825,271,360,159
4018200,230,100,120,79
4018300,1390,317,350,131
4018401,290,140,170,93
4018402,360,129,180,89
4018501,200,99,85,59
4018502,365,142,105,67
4018700,450,181,250,139
4018800,140,108,70,82
4018900,1670,343,660,197
4019000,245,93,55,49
4019200,295,126,135,72
4019400,155,89,125,91
4019600,255,98,110,73
4019800,115,99,90,92
4019900,10130,817,4035,473
4020200,190,116,30,34
4020400,1190,239,725,186
4020500,2885,436,1745,342
4020600,575,175,295,115
4020800,4735,467,2170,353
4021200,1895,355,620,195
4021400,2515,412,1040,250
4021600,5925,585,3070,361
4021900,5005,587,2960,410
4022001,375,133,100,77
4022002,455,171,175,102
4022900,590,191,300,126
4023000,445,144,235,108
4023200,1025,207,575,159
4023500,1285,236,455,148
4023600,1925,354,980,252
4023800,1965,351,990,261
4024000,4480,510,1870,290
4024300,2475,421,1710,309
4024500,820,193,260,109
4024600,1740,336,1000,236
4024700,145,73,65,60
4024900,1165,267,550,191
4025100,1265,248,450,153
4025301,1720,347,475,168
4025302,450,180,110,75
4025400,915,248,520,177
4025500,1195,261,410,133
4025700,675,186,395,137
4025800,370,171,75,61
4025900,1065,257,410,122
4026000,335,141,155,73
4026100,1315,280,480,133
4026200,85,77,40,44
4026300,835,218,260,115
4026400,415,139,145,79
4026500,1205,320,420,204
4026600,370,145,170,103
4026700,6145,645,1815,290
4026901,690,213,265,128
4026902,560,168,185,105
4027000,445,164,95,65
4027100,945,237,405,142
4027200,125,89,35,50
4027300,1220,294,445,156
4027400,40,47,0,119
4027500,1175,256,500,152
4027600,430,140,320,116
4027700,790,237,110,70
4027800,310,111,170,84
4027900,665,194,180,104
4028000,190,102,95,60
4028100,905,215,135,84
4028200,235,117,90,66
4028300,2675,335,860,190
4028400,160,96,65,58
4028500,1195,310,405,149
4028700,1580,307,440,160
4028800,325,125,155,90
4028900,1880,348,575,171
4029100,1210,233,445,140
4029300,965,206,345,112
4029400,2330,339,1375,277
4029500,420,158,100,66
4029700,2400,376,1100,252
4029900,315,132,165,83
4030600,4080,508,2220,379
4030902,555,217,285,128
4030903,1475,312,635,207
4030904,2140,395,1365,297
4031700,2510,375,1590,264
4032000,5110,549,2695,398
4032700,280,123,95,72
4032800,260,162,75,66
4032900,1035,255,605,196
4033000,675,169,345,113
4033100,935,297,435,184
4033401,270,134,170,117
4033402,1420,284,670,188
4033700,140,88,90,61
4033900,625,199,160,66
4034700,935,224,280,135
4035100,605,170,415,130
4035200,1065,396,480,174
4035300,540,156,345,142
4035700,8390,748,4555,467
4035800,540,154,215,98
4036100,500,180,260,117
4036300,420,192,185,97
4036500,450,173,110,77
4036600,540,169,280,118
4036700,125,101,0,119
4036800,155,101,100,79
4037100,135,90,20,23
4037300,540,220,130,92
4037500,1820,431,460,196
4037600,400,179,210,133
4037700,640,351,145,93
4037900,575,201,175,103
4038100,805,242,320,170
4038301,2865,429,1245,233
4038302,2915,454,1225,264
4038400,175,102,125,91
4039400,395,147,180,99
4039800,190,92,65,46
4039900,320,126,110,65
4040000,155,95,20,36
4040100,375,159,25,34
4040200,10,20,0,119
4040300,1105,279,250,118
4040400,245,116,80,48
4040500,1220,298,350,127
4040700,435,150,75,56
4040900,890,270,300,163
4041100,425,133,165,92
4041300,280,115,155,86
4041400,720,237,275,104
4041500,460,146,190,81
4042400,120,82,30,37
4042600,835,201,475,171
4042700,370,151,70,54
4043200,420,146,210,119
4043400,100,79,15,23
4043701,880,257,330,123
4043702,400,172,100,77
4043900,785,238,195,94
4044000,145,80,90,67
4044301,320,147,105,58
4044302,975,252,380,162
4044400,4915,556,2195,336
4044601,5620,571,1970,298
4044602,1425,270,500,165
4044800,640,184,295,120
4045000,160,85,65,60
4045200,1045,201,540,147
4045400,785,218,365,159
4045500,3125,428,1440,242
4045600,150,80,115,69
4045700,210,108,100,73
4045800,530,181,120,61
4045900,65,57,0,119
4046000,3270,476,1120,246
4046100,600,179,180,84
4046200,1205,253,305,137
4046300,390,157,160,91
4046400,40,34,15,20
4046500,560,156,365,155
4046600,1145,242,610,190
4046700,165,88,30,37
4046800,710,175,390,137
4046900,520,175,70,79
4047000,280,107,110,71
4047100,440,181,205,123
4047200,665,194,275,108
4047300,2110,339,590,160
4047500,1855,351,785,225
4047600,225,120,80,68
4047800,1145,252,470,158
4047900,935,215,490,158
4048000,1085,244,360,145
4048100,290,137,95,79
4048200,245,116,135,102
4048300,245,109,195,97
4048400,320,180,200,107
4048500,1615,363,645,197
4048900,1100,305,455,218
4049200,370,139,260,105
4049301,55,58,0,119
4049302,1475,330,685,207
4049500,90,59,40,41
4049600,160,91,100,74
4049700,125,63,50,40
4049900,575,171,190,98
4050000,750,191,375,147
4050201,35,42,35,42
4050202,10,15,10,15
4050400,170,113,120,98
4050500,40,41,0,119
4050600,170,96,90,78
4050700,165,96,105,82
4050800,400,110,230,95
4051000,25,30,15,25
4051100,425,141,215,98
4051200,380,144,255,122
4051300,185,84,110,58
4051500,370,136,140,80
4051600,10,14,10,14
4051700,1095,338,370,147
4051800,25,40,0,119
4052000,310,139,180,114
4052100,240,100,90,77
4052200,65,68,10,19
4052400,180,119,110,98
4052500,190,88,70,41
4052600,295,148,130,78
4052800,190,129,130,114
4053000,215,95,130,65
4053100,1990,328,1105,218
4053200,235,110,150,76
4053401,380,130,230,99
4053500,2850,405,1600,291
4053800,175,126,10,18
4053900,1535,340,770,222
4054000,585,187,275,111
4054200,730,216,415,146
4054500,370,148,120,67
4054700,455,169,95,70
4054800,170,98,135,96
4054900,790,186,120,80
4055100,545,197,185,124
4055200,745,183,275,132
4055300,765,188,270,110
4055400,150,83,120,77
4055500,520,145,280,110
4055700,1090,235,530,161
4055800,50,54,0,119
4055900,260,142,75,66
4056000,310,102,150,77
4056100,90,65,50,48
4056200,40,52,40,52
4056400,615,244,255,120
4056500,180,90,65,53
4056600,495,190,220,105
4056700,175,80,55,49
4056800,2445,393,1345,271
4057700,755,186,475,161
4057900,100,89,75,64
4058000,175,111,65,65
4058100,345,126,165,92
4058200,340,131,155,84
4058300,335,138,120,81
4058500,355,132,160,84
4058700,425,159,115,80
4058900,400,170,180,100
4059000,20,32,0,119
4059100,210,98,55,53
4059200,10,13,0,119
4059300,395,158,100,63
4059400,35,22,0,119
4059500,1180,238,470,144
4059600,425,162,110,78
4059800,1535,280,970,249
4059900,270,118,200,104
4060000,170,102,75,75
4060100,125,81,70,63
4060300,350,145,85,51
4060600,135,108,85,93
4060701,75,56,35,35
4060800,205,116,55,61
4061000,60,61,10,15
4061200,120,81,35,42
4061301,2830,362,1585,268
4061302,45,49,0,119
4061400,115,75,60,40
4061602,520,172,225,104
4061800,285,175,175,138
4061900,390,135,265,109
4062000,60,81,0,119
4062100,810,244,340,162
4062200,145,69,95,47
4062300,435,160,185,97
4062500,185,96,45,47
4062600,600,209,205,101
4062700,500,186,240,101
4062900,605,168,200,92
4063000,235,131,75,50
4063200,800,222,370,121
4063301,275,138,145,101
4063302,105,66,70,59
4063500,320,143,145,103
4063700,2030,314,930,198
4063800,470,141,210,97
4063900,465,173,170,88
4064101,90,75,30,29
4064102,90,76,60,70
4064500,625,176,290,117
4064600,155,72,60,53
4065400,365,126,250,116
4065501,120,77,60,50
4065600,270,124,150,102
4065702,225,115,65,53
4065703,300,117,120,58
4065900,215,86,135,79
4066000,255,143,110,81
4066100,50,79,50,79
4066300,95,56,30,25
4066400,1305,265,710,166
4066501,395,158,155,93
4066701,295,113,110,69
4066900,50,35,20,25
4067100,280,137,140,95
4067700,130,81,105,81
4067900,885,205,425,154
4068000,115,72,25,29
4068200,350,148,190,92
4068300,4360,542,1195,242
4068700,670,222,165,83
4069000,335,176,85,56
4069300,765,230,235,112
4069400,240,110,115,80
4069500,470,151,140,67
4069701,325,125,95,55
4069702,245,112,100,58
4070300,335,147,120,84
4070700,190,87,85,65
4070900,275,108,35,32
4071100,3235,414,1410,240
4071303,675,178,200,86
4071304,1695,337,920,229
4071305,980,192,330,101
4071306,710,201,235,155
4071600,28840,1156,16565,887
4071701,4085,569,1675,342
4071702,840,201,360,119
4071900,140,83,30,32
4072100,655,156,230,122
4072300,310,106,130,71
4072900,490,145,145,65
4073100,450,137,165,92
4073700,1440,293,410,114
4073900,1865,306,460,131
4074100,295,114,90,56
4074300,590,154,285,128
4074500,795,202,235,100
4074700,385,112,230,81
4074900,215,77,40,29
4075701,5110,596,2370,375
4075702,825,206,430,148
4076901,885,219,295,123
4076902,475,169,155,91
4077300,1540,281,505,172
4077500,490,194,180,82
4077902,710,166,300,113
4077903,315,109,190,92
4077904,355,146,110,67
4077905,395,145,240,111
4077906,845,199,320,104
4077907,435,145,145,87
4077908,570,177,345,144
4078800,165,89,120,71
4079000,325,132,175,96
4079200,1470,294,860,195
4079701,460,152,120,72
4079702,1025,242,340,120
4079900,3620,422,2295,323
4080301,770,230,280,106
4080302,265,128,90,70
4080900,3705,403,2105,303
4081400,310,122,125,80
4081800,295,126,210,115
4083700,505,183,195,116
4083800,295,130,40,39
4084000,810,187,340,117
4084500,425,147,155,68
4084602,1455,256,720,174
4084900,2295,400,780,181
4085300,2900,392,915,206
4085500,405,139,175,77
4085700,725,212,220,114
4085900,495,195,45,33
4086100,270,118,130,81
4086300,535,166,310,126
4086400,915,218,435,130
4086500,785,187,360,111
4086900,4160,540,1995,354
4087100,5135,567,1530,295
4088400,1195,225,590,179
4088901,2490,406,1585,299
4089200,2345,365,1170,239
4090700,3910,440,2615,379
4091601,420,137,175,113
4091602,20,25,10,21
4091800,25,29,25,29
4091900,1335,328,560,172
4092200,50,47,10,15
4092500,1310,396,615,200
4092800,440,155,275,115
4092900,3545,403,2190,324
4093401,620,210,175,76
4093402,515,173,260,127
4093800,1925,359,1060,228
4093900,220,135,75,43
4094201,970,238,445,146
4094202,770,189,380,142
4094203,375,165,195,108
4094500,3895,392,2000,292
4094700,775,184,375,140
4095400,880,245,465,178
4096400,550,135,390,116
4097202,135,70,45,39
4097203,355,122,175,93
4097204,1720,351,925,219
4097300,185,101,120,77
4098100,1235,233,815,193
4098700,1405,265,725,175
4099100,540,139,285,99
4099200,520,200,215,98
4099701,295,145,85,108
4099703,565,198,200,78
4099704,1270,253,635,164
4099705,60,56,40,49
4099801,1825,357,1015,271
4099802,235,109,165,79
4099900,425,176,285,138
4100801,235,106,85,77
4100802,520,205,210,107
4101001,1795,349,810,194
4101002,545,148,270,105
4101700,905,235,535,163
4102900,260,118,90,59
4103201,660,212,330,146
4103202,1870,339,870,207
4103300,155,88,50,50
4103900,315,113,145,80
4104700,705,238,370,167
4105900,130,87,60,51
4107201,455,140,195,86
4108500,535,207,330,156
4109300,1065,196,680,157
4109700,730,204,450,163
4109900,925,247,495,183
4111300,630,234,340,134
4112300,1505,316,905,246
4112900,195,98,100,86
4113300,180,83,35,28
4113900,550,170,250,94
4114100,425,153,350,134
4114700,65,61,45,53
4115100,60,53,60,53
4115500,250,127,60,72
4115700,610,195,305,122
4115900,380,150,190,108
4116100,945,206,480,143
4116300,1185,241,480,148
4116700,520,172,205,124
4117100,1510,286,715,171
4117500,625,228,335,145
4118100,340,136,175,107
4118500,350,129,200,101
4118700,75,52,65,49
4118900,160,82,105,61
4119100,310,109,195,81
4119300,200,143,75,68
4119500,190,98,140,87
4119900,130,80,25,31
4120100,1550,279,950,215
4120300,55,44,50,42
4120500,1260,277,545,191
4120700,180,81,35,36
4121100,10,17,10,17
4121500,495,147,320,119
4122300,430,173,155,95
4122701,2310,322,1075,198
4122702,1185,239,420,141
4124100,345,120,85,54
4124700,290,120,140,86
4125700,770,187,405,147
4126500,765,188,305,115
4126700,5875,544,3420,401
4127700,1340,267,530,141
4128300,55,46,20,23
4129102,2595,409,1160,254
4129103,650,191,160,94
4129104,505,188,165,102
4130100,805,210,380,158
4133300,295,104,110,75
4133900,265,111,120,69
4134100,675,159,345,114
4134700,1740,328,735,229
4136700,870,230,260,125
4137700,510,153,300,112
4138501,2000,325,1155,256
4138502,330,136,190,93
4139900,255,127,70,60
4140300,50,38,10,15
4140901,105,59,65,44
4140902,825,185,370,109
4141700,1665,268,1040,188
4142900,145,64,60,45
4143500,240,127,85,72
4144100,150,83,65,57
4144700,1270,248,820,208
4145101,590,171,295,125
4145102,180,124,65,61
4145900,385,131,190,88
4146300,1060,217,640,218
4146700,1245,236,815,192
4147100,1435,300,745,205
4147900,835,214,445,148
4148300,1155,264,420,153
4150701,2515,398,670,194
4150702,1055,225,700,195
4152901,965,184,620,159
4152902,2885,392,1855,279
4155101,335,141,210,112
4155102,6290,593,4985,552
4156700,3145,441,2015,331
4157101,480,166,205,93
4157102,385,144,180,100
4157901,470,159,245,120
4157902,505,145,185,77
4157903,1615,271,895,206
4161700,1295,330,590,164
4162100,7940,889,2520,427
5000300,4595,526,2590,378
5000600,2200,347,1365,268
5000700,1570,311,1010,234
5000800,1425,284,1035,234
5000900,520,170,290,158
5001100,790,195,510,154
5001700,505,186,325,151
5001800,1170,240,670,193
5002001,205,115,115,87
5002002,1015,243,825,225
5002100,1860,267,1125,233
5002700,1990,316,1325,266
5002900,875,266,505,179
5003300,575,166,315,118
5003600,105,71,70,58
5003900,950,293,495,155
5004000,1280,294,615,228
5004700,1460,306,620,133
5005000,1160,241,740,179
5005900,435,145,260,110
5006400,1075,235,730,207
5006700,2465,294,1845,259
5007000,5600,602,4385,509
5007400,670,204,295,120
5007500,1185,236,620,174
5007700,360,166,175,112
5008100,1180,226,525,167
5009601,2340,402,1580,331
5009602,1490,438,940,223
5009700,1445,249,870,185
5010500,2050,333,1315,293
5011201,1615,324,1275,291
5011202,2345,378,1720,349
5011401,625,179,445,158
5011402,765,217,445,133
5012100,635,178,385,148
5012200,1490,282,880,202
5012500,615,161,400,143
5012804,1230,278,735,212
5012805,205,89,115,54
5012806,650,179,220,103
5013201,145,67,125,62
5013203,455,127,305,104
5013204,495,153,255,95
5013301,40,40,0,119
5013302,2000,345,1470,319
5013400,1545,244,995,216
5013800,550,205,370,146
5014100,360,145,190,99
5014604,720,184,385,125
5014605,405,128,230,101
5014606,1410,245,580,197
5014607,440,153,250,119
5014608,140,69,80,58
5014700,920,211,680,188
5015100,1060,214,585,154
5015400,60,53,60,53
5015601,1005,228,690,186
5015602,285,109,215,102
5015603,630,178,435,124
5016901,970,277,720,237
5017005,1065,229,875,195
5017007,60,45,40,35
5017008,245,129,135,94
5017009,155,79,50,40
5017010,455,158,270,118
5017011,265,102,100,61
5017012,295,146,205,133
5017300,95,57,60,51
5017600,645,207,520,175
5017700,1835,349,1340,309
5018100,2015,363,1535,297
5018701,250,116,145,78
5018702,1060,209,780,193
5018901,900,217,775,189
5018902,105,66,30,32
5019700,55,48,25,42
5019800,2620,401,1960,358
5020100,825,218,330,99
5020700,2665,367,1825,323
5020801,1075,247,625,180
5020803,425,168,215,131
5020804,270,107,155,87
5021300,915,178,525,157
5022300,865,291,465,176
5022600,5040,501,3505,408
5022800,955,228,780,200
5023100,830,211,585,183
5023900,1060,274,650,245
5024401,625,180,380,121
5024402,400,168,205,118
5024700,410,126,275,95
5024800,1725,287,1330,278
5025100,570,198,360,153
5027301,3660,399,2720,299
5027302,390,160,255,100
5027702,6110,552,4015,415
5027704,130,77,50,39
5027705,130,75,95,56
5027706,400,151,285,131
5027900,695,204,550,160
5029102,4020,480,3120,474
5029103,1280,235,810,189
5029104,880,202,485,134
5030301,750,244,425,159
5030302,520,186,220,106
5031901,545,194,255,106
5031902,1100,243,525,169
5032300,2140,344,1615,287
