bct2010,population,population_error
2000100,6864,331
2000200,4532,471
2000400,5516,558
2001600,5825,398
2001900,3141,341
2002000,9040,924
2002300,4302,342
2002400,155,209
2002500,5610,617
2002701,2608,362
2002702,4560,485
2002800,5151,616
2003100,1689,222
2003300,3277,430
2003500,3907,443
2003700,250,95
2003800,1350,202
2003900,6260,918
2004001,1475,182
2004100,5942,799
2004200,7697,818
2004300,5552,510
2004400,4401,336
2004600,1961,200
2004800,4563,414
2005001,4604,388
2005002,5592,514
2005100,5737,559
2005200,1956,219
2005300,4888,411
2005400,5324,556
2005600,2279,251
2005902,2751,273
2006000,1386,316
2006100,3720,417
2006200,7233,670
2006300,4582,356
2006400,3932,495
2006500,5377,593
2006700,6705,746
2006800,3230,384
2006900,7801,742
2007000,4378,537
2007100,2795,301
2007200,6255,771
2007300,4297,325
2007400,3634,403
2007500,6692,583
2007600,5311,651
2007700,2022,230
2007800,7415,664
2007900,7188,807
2008300,6713,666
2008400,2899,271
2008500,5631,574
2008600,3936,434
2008700,6127,418
2008900,3218,335
2009000,3459,450
2009200,5848,472
2009300,6154,783
2009600,2792,254
2009800,4756,622
2011000,0,12
2011502,4582,638
2011700,1443,291
2011800,5503,438
2011900,5440,505
2012101,3070,294
2012102,1447,199
2012300,4268,589
2012500,3860,488
2012701,1928,280
2012901,4419,559
2013000,1476,199
2013100,5084,454
2013200,7272,594
2013300,6000,720
2013500,3590,451
2013800,2588,324
2014100,5851,521
2014300,1482,227
2014400,5138,696
2014500,7436,1146
2014701,7003,696
2014702,5435,444
2014900,4419,421
2015100,5309,468
2015200,2481,225
2015300,4474,437
2015500,2927,299
2015700,4704,484
2015800,1314,260
2015900,1969,267
2016000,3666,372
2016100,4650,483
2016200,1870,255
2016300,0,12
2016400,1046,177
2016500,965,152
2016600,2244,249
2016700,3695,427
2016900,1633,296
2017100,0,12
2017300,5746,499
2017500,6536,594
2017701,4650,538
2017702,5423,522
2017901,4831,498
2017902,4032,444
2018101,3351,450
2018102,5294,479
2018301,4320,352
2018302,3824,447
2018400,3793,419
2018500,9001,833
2018900,8210,769
2019300,6350,530
2019400,2375,255
2019500,7060,602
2019700,7561,799
2019900,8338,791
2020000,4711,447
2020100,3993,344
2020200,2385,238
2020400,3011,365
2020501,6976,592
2020502,2160,222
2020601,2237,367
2020900,4287,420
2021001,8930,681
2021002,7613,636
2021100,5343,371
2021200,4850,431
2021301,1267,144
2021302,5513,732
2021501,4565,441
2021502,6532,555
2021601,4720,425
2021602,5632,607
2021700,5124,449
2021800,6520,731
2021900,882,118
2022000,2007,297
2022101,4133,401
2022102,5411,420
2022200,3293,374
2022300,5278,416
2022401,2498,332
2022403,3194,299
2022404,4203,338
2022500,8499,808
2022701,5151,481
2022702,1607,182
2022703,1688,186
2022800,6128,573
2022901,5743,549
2022902,3614,465
2023000,2802,339
2023100,1537,252
2023200,2476,279
2023301,3956,378
2023302,3706,432
2023501,3184,368
2023502,4153,609
2023600,1816,281
2023702,1180,157
2023703,5574,540
2023704,3803,342
2023800,2241,250
2023900,7873,726
2024000,3903,488
2024100,6621,534
2024300,5737,422
2024400,2146,187
2024501,4871,462
2024502,3677,396
2024600,2011,225
2024700,2058,234
2024800,3078,276
2024900,0,12
2025000,2591,305
2025100,7360,872
2025200,2787,258
2025300,6199,490
2025400,1997,201
2025500,7674,693
2025600,1696,267
2025700,1999,349
2026100,2097,139
2026300,6218,801
2026400,4868,667
2026500,7851,941
2026601,3452,359
2026602,5084,552
2026701,4185,503
2026702,7895,780
2026900,3703,330
2027300,7778,997
2027401,4693,437
2027402,3481,325
2027600,24,28
2027700,4660,617
2027900,7379,705
2028100,3954,339
2028300,2489,328
2028400,554,188
2028500,3523,276
2028600,1085,197
2028700,3153,376
2028800,3330,438
2028900,4807,418
2029301,1806,158
2029302,5569,459
2029500,4564,420
2029600,1575,225
2029700,3799,322
2030000,6021,708
2030100,1413,173
2030200,8704,885
2030701,5726,439
2030900,3709,361
2031000,4753,536
2031200,1678,208
2031400,2079,264
2031600,1900,208
2031800,2179,255
2031900,633,217
2032300,4575,381
2032400,3177,551
2032600,3407,443
2032800,3839,421
2033000,5776,618
2033201,5564,829
2033202,4033,474
2033400,15,18
2033500,2048,232
2033600,6714,759
2033700,2521,220
2033800,4105,543
2034000,5606,607
2034200,1888,275
2034300,1665,158
2034400,2172,281
2034500,3540,433
2034800,5707,599
2035000,2063,247
2035100,3740,274
2035600,2254,359
2035800,8172,796
2035900,2053,204
2036000,3271,342
2036100,5576,545
2036300,7517,720
2036400,2565,290
2036501,3901,408
2036502,2620,329
2036700,2395,298
2036800,2109,288
2036901,2101,193
2036902,2074,213
2037000,2416,307
2037100,4226,485
2037200,2132,285
2037300,6373,681
2037400,3861,573
2037504,3323,371
2037600,2197,236
2037800,2900,360
2037900,5469,485
2038000,5239,681
2038100,7647,726
2038200,3100,372
2038301,5084,435
2038302,6032,526
2038500,4766,520
2038600,8889,997
2038700,3823,447
2038800,2763,311
2038900,5521,688
2039000,2861,530
2039100,7544,847
2039200,1602,259
2039300,8330,697
2039400,5647,617
2039500,4257,508
2039600,5022,572
2039700,3744,401
2039800,3842,515
2039901,5618,506
2039902,5646,482
2040100,4478,528
2040302,4192,379
2040303,4900,462
2040304,3593,404
2040400,3600,492
2040501,4399,534
2040502,7264,740
2040600,3547,523
2040701,3120,354
2040702,7023,697
2040800,4826,531
2040900,3194,349
2041100,3510,431
2041300,8677,733
2041400,5158,485
2041500,6367,546
2041800,3876,521
2041900,6035,736
2042000,4206,584
2042100,5661,677
2042200,3285,565
2042300,4313,481
2042400,2569,257
2042500,6175,684
2042600,6729,717
2042800,2120,208
2042901,3561,392
2042902,4041,477
2043000,3499,544
2043100,10246,904
2043400,3710,406
2043500,499,188
2043600,2020,313
2044200,4019,483
2044400,4295,387
2044800,2075,328
2044901,1763,154
2044902,2041,213
2045101,1455,158
2045102,1955,227
2045600,3220,415
2045800,5744,473
2046000,3246,608
2046201,28109,2129
2046202,9912,818
2048400,4277,506
2050400,0,12
2051600,4531,633
4000100,9505,999
4000200,3019,343
4000400,4476,582
4000600,4107,512
4000700,6336,519
4000800,3193,296
4001000,4618,423
4001200,3578,445
4001400,4308,575
4001600,2420,448
4001800,2796,303
4001900,4358,442
4002000,1721,249
4002200,2314,262
4002400,2382,204
4002500,6802,881
4002600,2272,333
4002800,3573,421
4003000,1524,233
4003100,1144,145
4003200,1764,177
4003300,3569,369
4003400,2612,285
4003600,3584,589
4003700,0,12
4003800,2757,264
4003900,1439,265
4004001,2365,253
4004002,1459,169
4004200,4016,406
4004300,2283,349
4004401,3732,351
4004500,3194,300
4004700,3665,297
4005000,49,34
4005100,1866,205
4005200,2817,294
4005300,5092,517
4005400,5862,449
4005500,952,154
4005700,4212,336
4005800,6355,480
4005900,4057,467
4006100,5548,541
4006201,5593,547
4006202,6459,875
4006300,5690,480
4006501,3450,349
4006502,3494,410
4006900,3699,564
4007100,3344,290
4007300,3933,413
4007500,3959,664
4007700,1856,322
4007900,2685,370
4008100,1269,220
4008300,2409,312
4008500,883,169
4008600,2846,285
4008700,4052,537
4008800,3663,386
4009100,2303,417
4009400,2769,363
4009500,2276,200
4009600,3522,365
4009700,3693,384
4009800,2705,338
4009900,0,12
4010000,3686,557
4010100,2382,346
4010200,2817,397
4010300,4136,398
4010400,3014,348
4010500,4522,430
4010600,3733,427
4010701,0,12
4010800,3364,420
4011000,3234,383
4011100,3116,307
4011200,2279,266
4011300,4463,416
4011400,1303,220
4011500,2438,315
4011600,1980,212
4011700,3574,409
4011800,2522,328
4011900,1409,182
4012000,2365,321
4012100,2034,269
4012200,3128,474
4012301,2782,434
4012400,3374,421
4012500,1762,157
4012601,2750,355
4012602,2792,358
4012800,2380,257
4013000,1688,220
4013200,2265,429
4013400,4678,730
4013500,1306,185
4013600,1874,145
4013700,1773,212
4013800,3608,312
4014000,3766,578
4014100,1636,204
4014201,4334,565
4014202,2856,392
4014300,3772,350
4014400,1915,340
4014500,2412,351
4014700,2768,317
4014800,1719,264
4014900,1842,333
4015000,2899,363
4015100,2613,248
4015200,2822,346
4015300,1933,196
4015400,2170,273
4015500,2358,245
4015600,2908,368
4015700,1305,187
4015801,3746,576
4015802,4872,599
4015900,3422,449
4016100,2297,308
4016300,3519,349
4016400,3786,445
4016600,3984,638
4016800,3257,358
4016900,5683,605
4017000,2622,283
4017100,51,44
4017200,1913,241
4017400,2285,272
4017600,2135,227
4017800,2257,241
4017900,1019,125
4018000,1328,193
4018101,3497,258
4018102,3311,249
4018200,2499,227
4018300,6064,524
4018401,2114,237
4018402,2431,324
4018501,3182,309
4018502,3367,258
4018600,1869,300
4018700,3069,419
4018800,1449,122
4018900,3136,420
4019000,2455,249
4019200,1969,223
4019400,2892,308
4019600,3050,469
4019800,2917,344
4019900,697,150
4020200,1762,319
4020400,2350,285
4020500,1176,152
4020600,1855,272
4020800,3136,482
4021200,2434,370
4021400,6984,850
4021600,4123,349
4021900,0,12
4022001,6272,489
4022002,7128,642
4022900,0,12
4023000,2054,282
4023200,5644,580
4023500,7766,686
4023600,3143,291
4023800,4516,363
4024000,6826,707
4024300,5088,606
4024500,4422,482
4024600,0,12
4024700,1466,228
4024900,4838,564
4025100,5611,615
4025301,4386,410
4025302,3046,372
4025400,10118,1088
4025500,1524,227
4025700,1500,184
4025800,2261,392
4025900,3486,524
4026000,2757,348
4026100,6508,948
4026200,1270,177
4026300,5857,1022
4026400,2501,329
4026500,3722,378
4026600,1745,280
4026700,5353,591
4026901,4965,572
4026902,3603,551
4027000,2190,279
4027100,8428,752
4027200,1970,381
4027300,7116,908
4027400,1718,219
4027500,6820,1081
4027600,1342,237
4027700,7747,977
4027800,2339,228
4027900,6220,813
4028000,1670,248
4028100,5013,608
4028200,1894,214
4028300,7508,664
4028400,4166,572
4028500,4987,432
4028700,6293,484
4028800,4616,559
4028900,5158,566
4029100,6368,690
4029300,1090,239
4029400,7000,792
4029500,3602,357
4029700,2038,328
4029900,0,12
4030600,4760,568
4030902,6590,890
4030903,5722,580
4030904,3179,489
4031700,5568,602
4032000,4930,672
4032700,3702,536
4032800,2769,383
4032900,3244,509
4033000,7192,659
4033100,0,12
4033401,3767,326
4033402,12854,1155
4033700,2999,416
4033900,2677,469
4034700,2966,327
4035100,3737,511
4035200,2780,306
4035300,2273,319
4035700,3710,515
4035800,4179,480
4036100,2238,304
4036300,1771,314
4036500,2992,493
4036600,2731,304
4036700,2178,364
4036800,2495,233
4037100,1335,214
4037300,2255,386
4037500,4116,407
4037600,6121,591
4037700,3620,452
4037900,6851,968
4038100,7216,826
4038301,0,12
4038302,0,12
4038400,2411,309
4039400,2986,343
4039800,1675,220
4039900,3862,675
4040000,1529,263
4040100,7686,904
4040200,1640,187
4040300,7324,832
4040400,4138,489
4040500,3377,522
4040700,9109,1068
4040900,5560,774
4041100,3775,419
4041300,4696,681
4041400,4551,536
4041500,4358,583
4042400,2414,306
4042600,477,105
4042700,4955,709
4043200,1244,157
4043400,1795,216
4043701,2686,393
4043702,7125,1113
4043900,3610,586
4044000,3980,618
4044301,3719,485
4044302,4076,521
4044400,3529,565
4044601,3361,395
4044602,4961,460
4044800,2809,332
4045000,2167,204
4045200,1335,345
4045400,4779,619
4045500,14284,1470
4045600,1446,198
4045700,3281,492
4045800,2348,256
4045900,3719,518
4046000,6049,653
4046100,2464,362
4046200,6907,829
4046300,3836,578
4046400,1999,250
4046500,4172,553
4046600,3882,495
4046700,5895,708
4046800,3340,394
4046900,8207,746
4047000,3197,382
4047100,4320,504
4047200,3664,343
4047300,4328,372
4047500,4301,540
4047600,1419,186
4047800,4925,637
4047900,5115,512
4048000,2293,287
4048100,6434,820
4048200,1427,157
4048300,3888,485
4048400,5140,652
4048500,4366,498
4048900,1610,228
4049200,5444,540
4049301,2209,332
4049302,3068,380
4049500,1515,188
4049600,3146,281
4049700,3131,549
4049900,5260,468
4050000,4279,441
4050201,1384,264
4050202,1421,199
4050400,1818,257
4050500,1529,242
4050600,1421,227
4050700,4102,422
4050800,2008,362
4051000,1816,211
4051100,2290,281
4051200,2512,386
4051300,2439,288
4051500,3446,377
4051600,2183,302
4051700,2007,276
4051800,2181,272
4052000,1410,169
4052100,2253,356
4052200,1760,239
4052400,1988,227
4052500,2543,254
4052600,1933,278
4052800,1434,254
4053000,2473,347
4053100,3417,400
4053200,1996,247
4053401,2125,273
4053500,1432,228
4053601,2099,303
4053800,1781,219
4053900,4433,485
4054000,4290,513
4054200,4737,658
4054500,4039,399
4054700,5048,537
4054800,2354,219
4054900,6437,604
4055100,4244,409
4055200,2955,337
4055300,2786,278
4055400,2530,238
4055500,2335,277
4055600,2282,279
4055700,4275,571
4055800,1702,255
4055900,1184,197
4056000,1809,163
4056100,17,11
4056200,1631,252
4056400,1178,251
4056500,1569,162
4056600,1316,192
4056700,5175,559
4056800,5039,485
4057700,4169,423
4057900,1643,193
4058000,4140,509
4058100,3048,348
4058200,4838,445
4058300,3736,414
4058500,4464,411
4058700,3550,456
4058900,5296,483
4059000,1466,196
4059100,5736,533
4059200,1516,130
4059300,4217,401
4059400,1768,194
4059500,5533,598
4059600,1272,171
4059800,1798,204
4059900,1255,189
4060000,1102,126
4060100,2324,285
4060300,2095,307
4060600,1351,203
4060701,14,22
4060800,1564,195
4061000,1551,139
4061200,2022,192
4061301,5742,551
4061302,0,12
4061400,1414,138
4061601,2145,311
4061602,1118,164
4061800,1796,217
4061900,2683,367
4062000,1431,157
4062100,2896,349
4062200,2083,202
4062300,2246,223
4062400,0,12
4062500,2692,294
4062600,2805,265
4062700,2944,428
4062900,3034,265
4063000,1503,196
4063200,2601,250
4063301,1704,153
4063302,1475,175
4063500,2551,333
4063700,3432,309
4063800,3516,275
4063900,3043,273
4064101,2388,244
4064102,0,12
4064500,1927,228
4064600,2976,271
4065000,2742,337
4065400,3782,443
4065501,0,12
4065600,4966,622
4065702,1802,237
4065703,2746,285
4065900,1884,231
4066000,3318,431
4066100,1647,147
4066300,2771,182
4066400,9980,992
4066501,4149,534
4066701,2800,293
4066900,1642,262
4067100,2455,132
4067700,1883,160
4067900,4344,486
4068000,5299,557
4068200,994,154
4068300,3970,311
4068700,4188,384
4069000,3752,406
4069300,3151,485
4069400,3455,407
4069500,2211,235
4069701,4322,335
4069702,3518,361
4070300,2103,253
4070700,2547,219
4070900,2869,305
4071100,6448,687
4071303,5431,409
4071304,6054,589
4071305,4862,428
4071306,6361,612
4071600,0,12
4071701,4805,551
4071702,3915,319
4071900,2438,346
4072100,4579,651
4072300,2050,141
4072900,1437,151
4073100,1507,202
4073700,1930,193
4073900,5425,401
4074100,3060,217
4074300,4082,345
4074500,4014,376
4074700,3705,420
4074900,1429,168
4075701,5022,338
4075702,4898,446
4076901,4407,792
4076902,1186,128
4077300,2093,199
4077500,2234,308
4077902,4829,479
4077903,3166,344
4077904,5781,565
4077905,2626,336
4077906,3388,347
4077907,3500,432
4077908,3760,436
4078800,1865,357
4079000,2633,336
4079200,2414,431
4079300,0,12
4079701,6676,609
4079702,4502,477
4079900,3101,520
4080301,3859,512
4080302,3476,429
4080900,7240,564
4081400,4117,541
4081800,3909,552
4083700,5283,583
4083800,5260,548
4084000,6027,570
4084500,4863,581
4084601,3268,269
4084602,925,263
4084900,6909,740
4085300,5563,543
4085500,6772,588
4085700,5171,416
4085900,5492,557
4086100,2032,203
4086300,6613,785
4086400,2727,286
4086500,4311,449
4086900,1771,229
4087100,2643,335
4088400,8345,994
4088901,9626,1215
4089200,7916,683
4090700,1434,225
4091601,3674,420
4091602,0,12
4091800,11,12
4091900,5309,620
4092200,2020,217
4092500,3470,534
4092800,3594,339
4092900,7036,650
4093401,3734,379
4093402,4403,478
4093800,5023,677
4093900,5299,705
4094201,3236,433
4094202,4806,450
4094203,6602,841
4094500,3654,429
4094700,2202,247
4095400,6045,471
4096400,6573,711
4097202,3060,357
4097203,7356,889
4097204,3884,565
4097300,1763,264
4098100,2236,193
4098700,2434,200
4099100,7204,477
4099200,4339,490
4099701,2922,307
4099703,3746,393
4099704,6847,561
4099705,2470,305
4099801,8592,1090
4099802,6422,1269
4099900,0,12
4100801,2525,309
4100802,8976,803
4101001,12253,1303
4101002,4359,561
4101700,6005,542
4102900,3598,511
4103201,6509,798
4103202,8121,964
4103300,4577,378
4103900,6283,705
4104700,6755,731
4105900,3907,343
4107201,2320,203
4107202,0,12
4108500,2337,336
4109300,2937,221
4109700,1598,169
4109900,3058,216
4111300,2526,276
4112300,2058,248
4112900,2085,244
4113300,1603,183
4113900,3356,298
4114100,2362,186
4114700,1726,175
4115100,915,125
4115500,2150,225
4115700,3207,406
4115900,4256,358
4116100,4301,367
4116300,9346,718
4116700,1676,212
4117100,2359,257
4117500,4830,348
4118100,1530,175
4118500,1978,254
4118700,2484,240
4118900,2050,249
4119100,2985,392
4119300,1978,187
4119500,1453,229
4119900,1517,230
4120100,1559,290
4120300,1573,265
4120500,2568,382
4120700,3097,244
4121100,0,12
4121500,4447,397
4122300,3438,328
4122701,11356,1015
4122702,7519,928
4124100,3666,358
4124700,3508,332
4125700,3248,334
4126500,1743,216
4126700,4716,454
4127700,3615,329
4128300,0,12
4129102,3912,402
4129103,3887,348
4129104,4455,404
4130100,4204,326
4133300,3896,325
4133900,1302,129
4134100,3358,493
4134700,10944,908
4136700,5846,671
4137700,7123,653
4138501,4617,469
4138502,39,17
4139900,1666,145
4140300,2344,169
4140901,990,87
4140902,2787,234
4141700,4871,376
4142900,3760,343
4143500,2452,175
4144100,2662,366
4144700,3109,316
4145101,1127,123
4145102,2464,209
4145900,2809,347
4146300,2979,417
4146700,2619,249
4147100,3231,361
4147900,4526,337
4148300,2900,233
4150701,3036,357
4150702,3067,287
4152901,6916,627
4152902,4955,601
4155101,1759,351
4155102,8929,659
4156700,1614,389
4157101,8406,965
4157102,2294,246
4157901,5073,355
4157902,4129,333
4157903,4741,493
4161700,4762,518
4162100,6363,558
4990100,0,12
3000100,4405,521
3000200,1167,250
3000301,3924,506
3000501,4308,283
3000502,2697,192
3000700,3906,337
3000900,4518,415
3001100,1468,118
3001300,1917,267
3001500,9011,567
3001800,1897,1341
3002000,1412,277
3002100,5106,544
3002200,4698,540
3002300,4219,433
3002901,4447,438
3003000,1718,216
3003100,3259,404
3003300,4202,394
3003400,3161,270
3003500,1907,189
3003600,3500,321
3003700,2250,209
3003800,1371,189
3003900,2262,210
3004100,3654,442
3004300,3727,292
3004400,2518,187
3004500,3385,265
3004600,1301,141
3004700,1877,240
3004900,2612,326
3005000,2260,219
3005100,2744,270
3005201,1707,198
3005202,2442,210
3005300,2167,219
3005400,3185,321
3005601,2447,284
3005602,1687,262
3005800,2827,287
3005900,1213,196
3006000,3148,422
3006200,2676,338
3006300,1866,216
3006400,3042,354
3006500,5976,521
3006600,3542,343
3006700,3886,327
3006800,4900,481
3006900,3591,286
3007000,2538,319
3007100,5050,443
3007200,1900,245
3007400,5259,593
3007500,4969,450
3007600,5151,728
3007700,5159,562
3007800,5246,720
3008000,3615,610
3008200,3594,358
3008400,3621,421
3008500,7793,590
3008600,0,12
3008800,2235,287
3009000,3000,368
3009200,5322,429
3009400,5066,579
3009600,6079,655
3009800,6479,741
3010000,6035,553
3010100,4001,261
3010200,4698,570
3010400,4805,598
3010600,4417,673
3010800,3866,479
3011000,2662,412
3011200,6188,672
3011400,3796,579
3011600,3594,620
3011700,2677,337
3011800,2105,219
3011900,1322,172
3012000,1213,232
3012100,1962,164
3012200,5482,682
3012600,2838,282
3012700,4318,802
3012801,2293,220
3012901,2387,242
3012902,2554,241
3013000,4615,563
3013100,4155,349
3013200,2372,287
3013300,4454,314
3013400,4117,487
3013500,4014,410
3013600,3609,368
3013700,3554,263
3013800,3169,395
3013900,3650,309
3014000,1986,240
3014100,2766,319
3014200,3051,371
3014300,3672,350
3014500,3815,350
3014700,2408,261
3014800,1213,166
3014900,5859,729
3015000,1598,189
3015100,4240,259
3015200,2499,270
3015300,2622,259
3015400,11,12
3015500,3993,284
3015700,4111,341
3015900,4804,498
3016000,3965,498
3016100,3595,369
3016200,2294,277
3016300,3388,376
3016400,1264,487
3016500,5919,570
3016600,1791,196
3016700,5422,428
3016800,1905,249
3016900,4822,414
3017000,3484,453
3017100,4069,363
3017200,3262,417
3017400,2191,226
3017500,0,12
3017600,2413,253
3017700,0,12
3017800,3073,325
3017900,4348,377
3018000,3518,467
3018100,3691,416
3018200,3501,379
3018300,2675,273
3018400,2617,196
3018501,4153,569
3018600,2155,234
3018700,1488,163
3018800,2836,237
3019000,4763,607
3019100,2972,327
3019200,2934,357
3019300,5882,576
3019400,4027,506
3019500,3441,279
3019600,4214,449
3019700,3714,286
3019800,1926,270
3019900,3432,323
3020000,2417,216
3020100,3945,379
3020200,1963,219
3020300,1826,203
3020400,1837,203
3020500,3128,260
3020600,2311,207
3020700,4726,329
3020800,3092,394
3021000,3967,504
3021100,2206,226
3021200,4334,567
3021300,4113,419
3021400,2187,323
3021500,5638,500
3021600,4022,635
3021700,3733,396
3021800,3128,461
3021900,3557,367
3022000,4776,721
3022100,3976,540
3022200,4008,537
3022400,5785,659
3022600,2233,349
3022700,3794,380
3022800,3627,357
3022900,3675,388
3023000,4251,646
3023100,3696,304
3023200,5561,757
3023300,5884,634
3023400,4563,792
3023500,4694,523
3023600,5549,705
3023800,3634,589
3024000,4823,630
3024100,2765,455
3024200,2868,393
3024300,4122,471
3024400,3609,349
3024500,4491,531
3024600,2880,326
3024700,2672,320
3024800,2653,285
3024900,4018,415
3025000,1853,301
3025100,3741,406
3025200,5299,553
3025300,3496,616
3025400,3413,430
3025500,5598,458
3025600,3199,429
3025700,2476,341
3025800,4354,413
3025901,2257,287
3025902,3533,307
3026000,3214,336
3026100,4497,486
3026200,2425,267
3026300,2015,236
3026400,4594,441
3026500,4118,534
3026600,3517,441
3026700,4055,510
3026800,3965,473
3026900,3147,519
3027000,2139,205
3027100,3103,376
3027200,3755,308
3027300,3431,425
3027400,3602,330
3027500,4438,523
3027600,3646,566
3027700,4582,386
3027800,3118,391
3027900,3660,457
3028000,1829,168
3028100,4764,436
3028200,3762,419
3028300,3863,534
3028400,3532,395
3028501,454,159
3028502,3205,340
3028600,5110,528
3028700,3093,302
3028800,3836,469
3028900,3619,634
3029000,3580,521
3029100,2991,438
3029200,3033,255
3029300,3437,423
3029400,2474,288
3029500,4160,470
3029600,5849,780
3029700,4253,408
3029800,3794,479
3029900,2941,391
3030000,4207,514
3030100,2963,441
3030200,4448,281
3030300,4914,413
3030400,4189,364
3030500,6528,465
3030600,1736,207
3030700,5954,742
3030800,1980,253
3030900,2405,313
3031100,2924,444
3031300,5055,611
3031400,4978,574
3031500,4970,607
3031701,3805,522
3031702,3315,373
3031900,3141,451
3032100,5488,704
3032300,3506,284
3032500,6076,547
3032600,6730,1007
3032700,2544,292
3032800,2688,314
3032900,6105,642
3033000,5006,590
3033100,4058,480
3033300,4547,683
3033500,3034,381
3033600,4443,541
3033700,3856,463
3033900,4538,403
3034000,2050,223
3034100,3056,300
3034200,6064,655
3034300,5163,428
3034500,3108,430
3034700,3350,417
3034800,2885,359
3034900,6145,693
3035000,3124,210
3035100,4650,497
3035200,1254,195
3035300,5407,454
3035400,5765,592
3035500,5631,508
3035601,2834,181
3035602,5529,393
3035700,2328,211
3035900,5593,547
3036001,3155,220
3036002,4074,442
3036100,2787,363
3036200,3855,460
3036300,5044,641
3036400,2443,221
3036501,3417,479
3036502,1415,291
3036600,4268,513
3036700,1281,230
3036900,5787,614
3037000,4231,395
3037100,4711,552
3037300,4486,451
3037401,4376,403
3037402,4937,649
3037500,3229,415
3037700,4541,477
3037900,4660,441
3038100,5397,494
3038200,5740,698
3038300,4720,554
3038500,3963,598
3038600,3669,590
3038700,3882,419
3038800,4094,349
3038900,2837,423
3039000,2397,342
3039100,3239,522
3039200,2880,433
3039300,3890,506
3039400,2338,365
3039500,3858,665
3039600,2058,359
3039700,3553,406
3039800,2878,377
3039900,3873,532
3040000,3003,282
3040100,3162,474
3040200,2988,304
3040300,3529,488
3040400,2459,231
3040500,1513,245
3040600,3692,437
3040700,0,12
3040800,3646,619
3040900,3836,568
3041000,2048,221
3041100,3034,462
3041200,3328,377
3041300,3986,447
3041401,1541,383
3041402,1824,183
3041500,4353,577
3041600,2338,303
3041700,3132,357
3041800,2960,483
3041900,3623,479
3042000,1837,247
3042100,4259,639
3042200,3535,377
3042300,3978,435
3042400,3480,590
3042500,3338,375
3042600,4302,428
3042700,4896,390
3042800,3785,342
3042900,5441,560
3043000,3283,380
3043100,4694,554
3043200,4341,371
3043300,3628,478
3043400,3537,380
3043500,5115,599
3043600,5059,509
3043700,5696,644
3043800,2620,246
3043900,3515,433
3044000,2809,339
3044100,5124,508
3044200,2945,511
3044300,4587,477
3044400,3589,511
3044500,4729,513
3044600,2092,315
3044700,2545,340
3044800,1698,202
3044900,3210,636
3045000,566,230
3045200,2514,357
3045300,2578,359
3045400,1681,247
3045600,2170,200
3045800,1324,228
3046000,3131,362
3046201,2281,329
3046202,1942,368
3046400,2638,331
3046800,2168,457
3047000,2603,390
3047200,2769,371
3047400,2385,285
3047600,3385,572
3047700,3835,335
3047800,3666,461
3048000,3675,655
3048100,2967,257
3048200,4885,544
3048400,5574,533
3048500,2289,204
3048600,3200,338
3048800,3896,319
3048900,3617,420
3049000,5601,495
3049100,7069,637
3049200,2688,465
3049300,7292,637
3049400,5707,699
3049500,2600,298
3049600,4093,401
3049700,2717,259
3049800,4139,336
3049900,1785,195
3050000,3953,386
3050100,3177,303
3050202,2523,220
3050300,2670,249
3050400,4741,395
3050500,4009,336
3050600,5205,507
3050700,3063,321
3050801,4075,405
3050803,2522,269
3050804,6083,615
3050900,5440,463
3051001,4092,409
3051002,4858,376
3051100,4333,332
3051200,5936,547
3051300,5397,461
3051400,7834,763
3051500,2443,184
3051601,5252,592
3051602,3895,362
3051700,2581,213
3051800,3328,477
3051900,5066,432
3052000,3874,413
3052300,4854,498
3052500,3270,386
3052600,4491,440
3052700,6490,636
3052800,1799,191
3052900,3443,516
3053000,4060,575
3053100,8833,953
3053200,2789,212
3053300,6754,794
3053400,4232,495
3053500,3708,557
3053700,3862,354
3053800,5180,606
3053900,2483,205
3054200,4008,340
3054300,283,102
3054400,3487,372
3054500,8138,917
3054600,4782,431
3054700,5724,564
3054800,2090,307
3054900,4171,329
3055000,3382,342
3055100,5361,718
3055200,3477,298
3055300,2740,319
3055400,4328,467
3055500,7696,433
3055600,3397,503
3055700,1981,323
3055800,2492,247
3056000,3482,267
3056100,3538,331
3056200,1655,248
3056300,5390,601
3056400,2523,212
3056500,3156,305
3056600,2749,272
3056800,1455,178
3056900,1691,155
3057000,3529,328
3057100,4038,464
3057200,5522,559
3057300,2457,263
3057400,2858,282
3057500,3983,431
3057600,3041,258
3057800,3260,376
3057900,1165,201
3058000,4402,524
3058200,2542,373
3058400,3479,431
3058600,2772,334
3058800,3269,326
3058900,1691,172
3059000,1834,222
3059100,3638,280
3059200,4152,433
3059300,2022,198
3059401,7396,819
3059402,5399,486
3059600,2442,306
3059800,3606,447
3060000,6277,632
3060600,2811,381
3060800,3545,454
3061002,4898,402
3061003,1669,303
3061004,6221,526
3061200,1065,153
3061600,1465,186
3062000,1816,209
3062200,2715,349
3062600,2869,378
3062800,4418,419
3063200,1534,230
3063600,1289,209
3063800,2023,205
3064000,1742,208
3064200,2227,351
3064400,2855,289
3064600,2190,245
3064800,2194,233
3065000,1642,305
3065200,1094,171
3065400,1437,160
3065600,1725,205
3065800,1798,247
3066000,2050,227
3066200,1501,156
3066600,0,12
3067000,2934,270
3067200,1640,261
3067400,1920,322
3067600,1760,366
3067800,2852,321
3068000,2185,266
3068200,2832,379
3068600,1718,253
3068800,1719,183
3069000,2082,298
3069200,2734,287
3069601,3248,385
3069602,5812,557
3069800,1449,186
3070000,1604,190
3070201,6402,807
3070202,8,10
3070203,0,12
3070600,3137,409
3072000,2019,217
3072200,2881,377
3072400,1979,228
3072600,2343,336
3072800,3946,519
3073000,2278,344
3073200,2195,279
3073400,1776,283
3073600,3198,387
3073800,3977,541
3074000,3598,472
3074200,3136,332
3074400,2777,315
3074600,2577,263
3074800,1957,319
3075000,2857,364
3075200,1031,120
3075400,1294,176
3075600,2150,233
3075800,1653,167
3076000,2930,330
3076200,4285,446
3076400,3602,419
3076600,2103,254
3076800,3219,378
3077000,2820,426
3077200,3114,406
3077400,3250,351
3077600,3732,352
3078000,2161,260
3078200,4923,517
3078400,2386,257
3078600,4753,458
3078800,3528,407
3079000,5096,590
3079200,3488,414
3079400,1716,248
3079601,4536,483
3079602,4797,507
3079801,2869,305
3079802,5441,562
3080000,3689,465
3080200,4578,445
3080400,3191,373
3080600,3355,413
3080800,1326,215
3081000,2322,323
3081400,2770,376
3081600,2653,337
3081800,4528,538
3082000,5175,601
3082200,7170,925
3082400,4910,448
3082600,4911,667
3082800,3706,536
3083000,6306,785
3083200,2127,252
3083400,1745,232
3083600,2017,228
3083800,2073,209
3084000,2520,278
3084600,2023,238
3084800,1701,274
3085000,1489,224
3085200,26,38
3085400,1966,257
3085600,3384,374
3085800,2107,271
3086000,3627,408
3086200,2821,437
3086400,2343,351
3086600,3145,507
3086800,3413,506
3087000,3125,448
3087200,3130,345
3087401,3759,485
3087600,1709,268
3087800,2647,250
3088000,2725,428
3088200,6353,860
3088400,4401,551
3088600,4089,501
3088800,4086,427
3089000,5912,877
3089200,3265,392
3089400,3254,554
3089600,3160,404
3089800,1820,261
3090000,3912,470
3090200,3309,876
3090600,3295,503
3090800,5992,1407
3091000,4196,514
3091200,5589,838
3091600,3481,426
3091800,2250,202
3092000,2523,414
3092200,2537,431
3092400,2653,519
3092800,3022,441
3093000,3068,323
3093200,1124,215
3093400,2464,238
3093600,1692,175
3093800,2476,312
3094401,3534,390
3094402,3248,333
3094600,1947,261
3095000,2751,302
3095400,4289,536
3095600,4507,542
3095800,3345,456
3096000,0,12
3096200,1838,265
3096400,1978,328
3096600,2634,329
3096800,1713,281
3097000,2868,469
3097400,2743,342
3098200,4532,406
3098400,1998,288
3098600,2856,337
3098800,3365,374
3099000,1744,286
3099200,2311,357
3099400,2126,264
3099600,3761,544
3099800,3588,514
3100400,2677,293
3100600,2610,293
3100800,2250,228
3101000,2284,355
3101200,2288,221
3101400,2178,157
3101600,1715,249
3101800,2295,253
3102000,2217,337
3102200,2171,224
3102400,2255,317
3102600,3023,323
3102800,1680,251
3103400,4294,555
3105801,5809,518
3105804,6744,677
3107000,2330,171
3107800,4662,410
3109800,2359,329
3110400,4407,664
3110600,4191,495
3111000,2986,276
3111600,3624,406
3111800,3639,524
3112000,3105,424
3112200,3168,460
3112400,3054,638
3112600,3237,492
3112800,3764,591
3113000,3699,556
3113200,1973,292
3113400,3105,458
3114201,1554,249
3114202,3011,340
3114400,2545,343
3114600,2852,427
3115000,2557,425
3115200,3122,404
3115600,3924,380
3115800,2878,404
3116000,2324,344
3116200,2429,348
3116400,3596,395
3116600,3128,335
3116800,2028,327
3117000,1791,342
3117201,2745,334
3117202,3756,484
3117400,4143,458
3117601,3203,328
3117602,2841,355
3117800,1694,280
3118000,0,12
3118201,2868,331
3118202,3317,462
3118400,5105,536
3118600,2960,402
3118800,4536,600
3119000,2220,196
3119200,3090,539
3119400,4892,551
3119600,4993,490
3119800,3671,594
3120000,2630,312
3120200,1933,287
3120800,10413,1121
3121000,4196,381
3121400,4820,461
3122000,5945,640
3123700,6966,972
3150200,2651,283
3152200,3717,344
3990100,0,12
5000300,2004,177
5000600,2311,262
5000700,4557,558
5000800,5238,559
5000900,1510,368
5001100,3314,732
5001700,1475,292
5001800,588,87
5002001,2502,293
5002002,3473,327
5002100,4469,585
5002700,1751,324
5002900,4702,652
5003300,3751,482
5003600,2833,300
5003900,2376,365
5004000,12548,1358
5004700,2805,429
5005000,4004,306
5005900,3067,210
5006400,3450,480
5006700,2468,257
5007000,9480,946
5007400,4902,397
5007500,4299,592
5007700,1526,230
5008100,4313,438
5009601,4489,351
5009602,3149,387
5009700,4535,418
5010500,4372,429
5011201,6358,674
5011202,5731,692
5011401,2971,285
5011402,3398,281
5012100,3143,373
5012200,3938,376
5012500,3047,327
5012804,4042,315
5012805,2605,360
5012806,5445,561
5013201,1480,141
5013203,5729,489
5013204,4863,352
5013301,1095,183
5013302,3096,406
5013400,4099,416
5013800,6092,547
5014100,2287,260
5014604,6866,620
5014605,3853,323
5014606,5963,566
5014607,4601,252
5014608,3477,401
5014700,3124,246
5015100,5374,531
5015400,0,12
5015601,6391,472
5015602,3242,245
5015603,4844,373
5016901,3808,590
5017005,5114,359
5017007,5547,441
5017008,7795,452
5017009,4485,483
5017010,9060,538
5017011,4865,387
5017012,4321,392
5017300,2343,179
5017600,4849,310
5017700,5983,710
5018100,3055,277
5018701,1874,173
5018702,7947,527
5018901,5057,556
5018902,5504,352
5019700,1755,103
5019800,7410,847
5020100,3524,327
5020700,5499,525
5020801,8498,690
5020803,7381,523
5020804,5991,358
5021300,4681,556
5022300,2745,316
5022600,8141,679
5022800,23,17
5023100,5276,725
5023900,3853,535
5024401,6228,588
5024402,4426,392
5024700,2994,281
5024800,5039,417
5025100,6119,572
5027301,3782,432
5027302,4060,496
5027702,6893,567
5027704,4629,370
5027705,5809,547
5027706,3489,379
5027900,2219,175
5029102,3006,233
5029103,8266,671
5029104,7229,592
5030301,4972,365
5030302,6702,633
5031901,2816,438
5031902,5343,640
5032300,1073,144
5990100,0,12
1000100,0,12
1000201,2750,226
1000202,7773,831
1000500,0,12
1000600,9838,1024
1000700,8501,875
1000800,9315,758
1000900,1796,191
1001001,1546,158
1001002,5157,744
1001200,4168,357
1001300,4455,415
1001401,3024,312
1001402,2941,273
1001501,7398,647
1001502,8309,660
1001600,6968,787
1001800,6788,636
1002000,4586,362
1002100,6666,711
1002201,6565,612
1002202,2099,193
1002400,4192,402
1002500,5483,436
1002601,3488,347
1002602,3946,452
1002700,1341,200
1002800,6765,597
1002900,5924,697
1003001,3815,503
1003002,2939,281
1003100,2525,226
1003200,7814,590
1003300,5224,732
1003400,6569,595
1003601,3132,345
1003602,3212,355
1003700,2666,312
1003800,8927,881
1003900,6931,491
1004000,8105,581
1004100,7997,715
1004200,5384,311
1004300,3968,409
1004400,16594,1192
1004500,980,141
1004700,2474,291
1004800,6230,607
1004900,4404,393
1005000,4748,441
1005200,3321,373
1005400,4768,475
1005501,4727,483
1005502,1825,311
1005600,4250,572
1005700,2756,224
1005800,4315,423
1005900,5404,576
1006000,5741,461
1006100,4747,433
1006200,4444,490
1006300,6393,608
1006400,7643,620
1006500,6337,506
1006600,11839,1744
1006700,5431,482
1006800,7876,719
1006900,2485,289
1007000,8301,887
1007100,5530,419
1007200,7642,957
1007300,5759,730
1007400,4528,422
1007500,3603,351
1007600,2092,251
1007700,5971,458
1007800,9422,1050
1007900,4425,536
1008000,4964,475
1008100,7481,734
1008200,3241,447
1008300,3686,528
1008400,1746,296
1008601,2915,303
1008602,0,12
1008603,4400,470
1008700,6556,545
1008800,7416,919
1008900,5413,514
1009000,7633,818
1009100,6298,582
1009200,1474,206
1009300,9440,695
1009400,71,35
1009500,3142,309
1009600,177,50
1009700,4968,356
1009800,7302,874
1009900,5981,403
1010000,1741,194
1010100,1373,152
1010200,122,69
1010300,2065,240
1010400,811,105
1010601,7091,699
1010602,4859,454
1010800,9046,906
1010900,172,63
1011000,7499,945
1011100,4757,464
1011201,843,126
1011202,415,110
1011203,1103,178
1011300,98,52
1011401,1173,130
1011402,1880,305
1011500,3663,386
1011600,3540,425
1011700,4191,410
1011800,8986,1166
1011900,1071,108
1012000,3144,453
1012100,7763,635
1012200,2473,366
1012400,9782,761
1012500,2311,288
1012600,12620,1364
1012700,6707,781
1012800,5384,649
1012900,8351,831
1013000,3314,549
1013100,2788,276
1013200,10999,1843
1013300,6228,610
1013400,11360,1146
1013500,9705,831
1013600,15487,1125
1013700,5994,855
1013800,12213,1114
1013900,10524,842
1014000,7194,583
1014200,5110,549
1014300,2,5
1014401,4720,445
1014402,6946,572
1014500,6153,595
1014601,4182,502
1014602,7831,712
1014700,3475,262
1014801,2810,312
1014802,6504,556
1014900,4992,547
1015001,2285,307
1015002,4578,469
1015100,10143,940
1015200,7816,601
1015300,9764,869
1015400,14134,1417
1015500,10290,620
1015601,5130,442
1015602,2433,242
1015700,9586,1576
1015801,5099,471
1015802,4353,412
1015900,9517,716
1016001,3465,351
1016002,3421,284
1016100,6281,504
1016200,9412,768
1016300,7267,717
1016400,7474,672
1016500,6512,583
1016600,6377,793
1016700,6189,515
1016800,5115,600
1016900,8375,744
1017000,7829,786
1017100,8694,788
1017200,5130,568
1017300,7580,1173
1017401,4634,631
1017402,2375,206
1017500,10558,960
1017700,9265,913
1017800,3987,469
1017900,8267,793
1018000,7422,660
1018100,8496,826
1018200,7902,720
1018300,7827,925
1018400,7116,618
1018500,4893,511
1018600,6909,844
1018700,8608,837
1018800,5437,838
1018900,11654,991
1019000,3734,355
1019100,9757,719
1019200,3802,392
1019300,10255,1272
1019400,6166,847
1019500,7167,649
1019600,4310,457
1019701,639,136
1019702,2478,311
1019800,2645,296
1019900,8786,585
1020000,3606,560
1020101,1854,171
1020102,4137,388
1020300,3607,431
1020500,5117,346
1020600,3432,427
1020701,3041,292
1020800,5432,632
1020901,3511,440
1021000,7540,640
1021100,10824,878
1021200,4112,432
1021303,6283,671
1021400,3373,354
1021500,4396,345
1021600,8773,848
1021703,11,14
1021800,6236,584
1021900,6008,585
1022000,6078,647
1022102,2605,404
1022200,3369,298
1022301,8292,672
1022302,3175,279
1022400,7586,710
1022500,10334,1085
1022600,4954,619
1022700,5218,509
1022800,6162,648
1022900,9205,898
1023000,8717,907
1023100,6807,958
1023200,9069,876
1023300,7220,1100
1023400,5072,644
1023501,7044,648
1023502,1986,243
1023600,7761,891
1023700,6682,700
1023801,6354,592
1023802,6086,632
1023900,2781,437
1024000,2009,577
1024100,8680,821
1024200,5003,459
1024301,4658,576
1024302,7756,714
1024500,14717,1327
1024700,7303,783
1024900,1047,165
1025100,2835,351
1025300,13572,1544
1025500,5999,825
1025700,4625,478
1025900,3731,350
1026100,13145,1320
1026300,9177,784
1026500,7951,725
1026700,1994,244
1026900,8986,812
1027100,8806,853
1027300,6925,705
1027500,3370,278
1027700,6538,663
1027900,12053,1363
1028100,3416,230
1028300,7949,698
1028500,7907,760
1028700,4231,381
1029100,12165,1015
1029300,9397,882
1029500,8182,724
1029700,22,13
1029900,3737,465
1030300,4535,473
1030700,3920,395
1030900,10593,921
1031100,0,12
1031703,5783,469
1031704,10224,937
1031900,0,12
