bct2010,vehicles,vehicles_error,vehicles_owner,vehicles_owner_error,vehicles_renter,vehicles_renter_error
2000100,,,,,,
2000200,1383,169,886,178,497,181
2000400,2502,406,2255,395,247,174
2001600,1177,205,277,141,900,207
2001900,451,121,98,54,353,124
2002000,1170,392,451,259,719,288
2002300,356,125,,,356,125
2002400,,,,,,
2002500,,,,,,
2002701,229,84,,,229,84
2002702,,,,,,
2002800,1850,312,533,276,1317,249
2003100,249,79,107,61,142,66
2003300,370,85,133,76,237,84
2003500,538,172,65,58,473,172
2003700,53,56,,,53,56
2003800,372,75,168,59,204,82
2003900,,,,,,
2004001,454,73,311,82,143,51
2004100,723,256,276,137,447,202
2004200,1788,395,491,262,1297,335
2004300,520,164,124,79,396,150
2004400,604,137,50,37,554,142
2004600,307,100,139,76,168,85
2004800,722,222,132,56,590,221
2005001,627,145,157,77,470,147
2005002,,,,,,
2005100,378,156,,,378,156
2005200,,,,,,
2005300,248,116,,,248,116
2005400,579,185,170,81,409,158
2005600,385,101,145,65,240,77
2005902,413,163,86,56,327,160
2006000,272,87,66,69,206,70
2006100,823,212,291,110,532,191
2006200,566,224,30,32,536,223
2006300,584,145,67,52,517,136
2006400,647,186,336,152,311,121
2006500,,,,,,
2006700,,,,,,
2006800,512,154,231,129,281,105
2006900,1177,265,246,193,931,229
2007000,993,218,347,140,646,213
2007100,583,106,304,84,279,89
2007200,1259,291,570,210,689,237
2007300,,,,,,
2007400,1117,214,688,216,429,145
2007500,791,187,210,111,581,193
2007600,1002,177,376,124,626,183
2007700,324,83,146,55,178,64
2007800,1954,386,703,321,1251,314
2007900,,,,,,
2008300,612,176,212,79,400,163
2008400,1066,163,919,186,147,77
2008500,871,238,279,130,592,211
2008600,490,195,138,91,352,181
2008700,813,260,70,45,743,258
2008900,,,,,,
2009000,606,232,455,242,151,101
2009200,1269,293,719,267,550,163
2009300,832,266,227,143,605,249
2009600,620,104,365,87,255,71
2009800,1730,257,1153,250,577,181
2011000,,,,,,
2011502,490,154,91,68,399,148
2011700,,,,,,
2011800,2264,264,1623,312,641,257
2011900,517,181,86,64,431,180
2012101,488,110,230,79,258,83
2012102,,,,,,
2012300,662,244,178,181,484,150
2012500,597,175,285,117,312,144
2012701,293,98,140,80,153,68
2012901,560,178,79,74,481,184
2013000,744,111,528,139,216,92
2013100,722,187,134,77,588,188
2013200,3587,389,2772,480,815,304
2013300,,,,,,
2013500,511,186,120,77,391,178
2013800,1301,166,920,179,381,142
2014100,559,167,85,59,474,158
2014300,,,,,,
2014400,1313,389,531,359,782,273
2014500,,,,,,
2014701,350,151,,,350,151
2014702,554,225,,,554,225
2014900,579,165,67,42,512,176
2015100,952,210,270,146,682,166
2015200,1077,136,662,150,415,121
2015300,810,201,361,136,449,145
2015500,517,146,65,39,452,144
2015700,807,189,223,108,584,172
2015800,667,127,403,145,264,131
2015900,215,101,100,75,115,60
2016000,2172,311,1439,356,733,209
2016100,,,,,,
2016200,700,123,427,114,273,101
2016300,,,,,,
2016400,528,71,377,77,151,55
2016500,,,,,,
2016600,959,152,692,152,267,121
2016700,434,104,27,22,407,109
2016900,139,58,60,44,79,44
2017100,,,,,,
2017300,,,,,,
2017500,456,219,,,456,219
2017701,791,228,258,174,533,174
2017702,633,171,134,99,499,149
2017901,346,131,96,49,250,113
2017902,373,135,,,373,135
2018101,273,114,76,52,197,99
2018102,495,159,48,40,447,153
2018301,719,142,154,60,565,145
2018302,401,138,39,25,362,135
2018400,1900,236,964,255,936,197
2018500,,,,,,
2018900,881,266,86,74,795,254
2019300,,,,,,
2019400,858,126,446,105,412,97
2019500,610,210,97,97,513,195
2019700,397,148,,,397,148
2019900,904,254,126,114,778,244
2020000,535,117,134,62,401,109
2020100,,,,,,
2020200,541,109,223,91,318,85
2020400,877,189,320,150,557,133
2020501,,,,,,
2020502,389,101,106,56,283,96
2020601,672,164,360,134,312,122
2020900,447,157,,,447,157
2021001,1391,327,372,179,1019,309
2021002,1141,270,268,153,873,252
2021100,641,177,127,95,514,145
2021200,647,196,211,102,436,177
2021301,169,83,82,68,87,49
2021302,,,,,,
2021501,,,,,,
2021502,753,168,123,84,630,162
2021601,894,190,277,124,617,174
2021602,916,237,247,137,669,212
2021700,,,,,,
2021800,1767,343,568,241,1199,360
2021900,113,69,,,113,69
2022000,,,,,,
2022101,366,125,,,366,125
2022102,,,,,,
2022200,505,144,173,118,332,96
2022300,382,141,,,382,141
2022401,681,173,80,52,601,170
2022403,655,165,105,82,550,155
2022404,1071,208,327,127,744,169
2022500,1081,310,198,158,883,281
2022701,599,163,78,73,521,146
2022702,,,,,,
2022703,,,,,,
2022800,1721,358,425,206,1296,330
2022901,690,188,151,100,539,164
2022902,596,180,205,120,391,168
2023000,707,157,325,154,382,110
2023100,134,45,19,17,115,46
2023200,815,188,478,178,337,108
2023301,472,180,,,472,180
2023302,,,,,,
2023501,462,144,,,462,144
2023502,438,178,77,81,361,162
2023600,572,162,192,102,380,149
2023702,,,,,,
2023703,,,,,,
2023704,311,154,,,311,154
2023800,803,130,386,94,417,109
2023900,,,,,,
2024000,1013,248,539,190,474,161
2024100,862,187,95,76,767,165
2024300,367,123,27,23,340,123
2024400,841,105,487,113,354,94
2024501,,,,,,
2024502,,,,,,
2024600,727,108,406,103,321,86
2024700,,,,,,
2024800,911,164,385,123,526,143
2024900,,,,,,
2025000,879,171,618,173,261,113
2025100,607,237,281,165,326,170
2025200,965,144,554,135,411,100
2025300,525,139,37,46,488,146
2025400,767,137,498,138,269,93
2025500,871,277,100,86,771,263
2025600,559,124,327,105,232,84
2025700,270,70,52,40,218,74
2026100,501,84,432,82,69,36
2026300,726,261,57,48,669,266
2026400,1484,296,1062,270,422,179
2026500,,,,,,
2026601,1037,191,364,139,673,143
2026602,1641,251,628,198,1013,232
2026701,380,116,47,44,333,112
2026702,1225,318,166,142,1059,306
2026900,509,122,95,57,414,119
2027300,1044,328,437,226,607,265
2027401,2692,252,2241,284,451,158
2027402,1950,224,1189,212,761,214
2027600,,,,,,
2027700,647,213,86,76,561,195
2027900,1601,325,572,206,1029,310
2028100,1197,188,691,179,506,129
2028300,365,174,65,65,300,156
2028400,,,,,,
2028500,1094,160,227,82,867,155
2028600,465,88,270,83,195,79
2028700,746,157,355,141,391,123
2028800,1544,219,1112,278,432,183
2028900,913,168,239,105,674,157
2029301,964,89,868,95,96,42
2029302,2361,297,1410,204,951,290
2029500,1576,292,787,221,789,263
2029600,507,127,215,104,292,83
2029700,1324,158,865,156,459,94
2030000,2157,400,949,372,1208,312
2030100,403,71,318,73,85,47
2030200,2772,436,1457,415,1315,378
2030701,2605,259,1086,227,1519,216
2030900,1321,167,861,168,460,109
2031000,1705,204,1390,240,315,129
2031200,719,96,543,98,176,63
2031400,843,118,740,131,103,51
2031600,873,131,653,140,220,85
2031800,751,119,564,132,187,74
2031900,,,,,,
2032300,2144,347,1394,239,750,278
2032400,577,270,335,236,242,119
2032600,1204,225,790,224,414,161
2032800,493,148,142,67,351,143
2033000,1017,272,225,153,792,235
2033201,1179,217,283,96,896,202
2033202,871,211,372,160,499,171
2033400,,,,,,
2033500,625,77,447,79,178,53
2033600,1147,245,471,220,676,207
2033700,1139,144,837,138,302,94
2033800,801,186,235,133,566,178
2034000,1078,233,384,143,694,201
2034200,682,153,574,160,108,64
2034300,534,93,261,93,273,93
2034400,675,124,559,121,116,45
2034500,1450,223,757,207,693,182
2034800,1882,473,1321,465,561,272
2035000,750,118,509,111,241,98
2035100,1188,222,673,128,515,211
2035600,922,149,723,180,199,107
2035800,2976,508,2435,447,541,228
2035900,415,118,57,50,358,113
2036000,1317,178,975,200,342,163
2036100,,,,,,
2036300,1619,514,232,233,1387,459
2036400,813,120,652,126,161,83
2036501,701,183,74,65,627,181
2036502,394,128,67,59,327,115
2036700,368,99,232,89,136,58
2036800,733,134,419,105,314,116
2036901,294,142,,,294,142
2036902,,,,,,
2037000,764,112,610,118,154,64
2037100,704,231,140,131,564,193
2037200,612,133,260,98,352,108
2037300,807,259,249,172,558,194
2037400,525,190,97,68,428,185
2037504,,,,,,
2037600,611,165,300,129,311,136
2037800,682,188,209,108,473,180
2037900,533,151,71,71,462,131
2038000,819,215,476,157,343,126
2038100,843,252,148,122,695,216
2038200,761,129,500,106,261,98
2038301,466,126,,,466,126
2038302,231,107,,,231,107
2038500,,,,,,
2038600,2264,653,1268,596,996,424
2038700,521,159,119,123,402,118
2038800,967,270,756,227,211,112
2038900,557,126,53,39,504,121
2039000,702,218,205,93,497,206
2039100,927,324,282,227,645,249
2039200,433,123,224,101,209,84
2039300,878,301,136,137,742,275
2039400,1322,299,437,264,885,204
2039500,491,158,174,97,317,133
2039600,996,283,490,212,506,196
2039700,,,,,,
2039800,1301,237,916,255,385,149
2039901,297,113,,,297,113
2039902,585,213,,,585,213
2040100,,,,,,
2040302,,,,,,
2040303,497,140,117,86,380,132
2040304,,,,,,
2040400,1397,268,1111,286,286,134
2040501,,,,,,
2040502,743,220,252,135,491,208
2040600,945,239,421,161,524,212
2040701,334,98,,,334,98
2040702,1144,408,314,258,830,276
2040800,1183,220,439,158,744,176
2040900,762,204,289,100,473,194
2041100,473,153,102,61,371,148
2041300,1307,307,192,130,1115,279
2041400,1347,238,814,222,533,175
2041500,911,205,81,81,830,200
2041800,1001,317,337,127,664,297
2041900,,,,,,
2042000,812,241,231,187,581,162
2042100,731,193,68,65,663,215
2042200,1370,526,946,519,424,186
2042300,556,131,107,87,449,114
2042400,893,167,705,164,188,101
2042500,902,284,,,902,284
2042600,2756,395,1975,427,781,290
2042800,824,110,692,123,132,61
2042901,431,121,97,49,334,106
2042902,593,160,45,40,548,161
2043000,1262,272,972,240,290,226
2043100,1779,427,308,191,1471,429
2043400,994,260,586,245,408,134
2043500,56,45,,,56,45
2043600,718,191,528,184,190,139
2044200,1057,227,700,239,357,184
2044400,1538,185,1149,180,389,137
2044800,921,140,681,135,240,130
2044901,852,115,481,109,371,83
2044902,931,174,555,156,376,127
2045101,665,96,262,62,403,86
2045102,775,94,360,89,415,93
2045600,1587,283,1323,269,264,173
2045800,466,218,,,466,218
2046000,607,154,239,113,368,114
2046201,8944,1218,5072,925,3872,991
2046202,2693,499,1441,461,1252,413
2048400,1597,223,948,224,649,192
2050400,,,,,,
2051600,2356,362,1760,397,596,218
4000100,1631,337,295,165,1336,326
4000200,1008,139,680,158,328,101
4000400,914,201,578,199,336,112
4000600,1247,220,870,217,377,142
4000700,1656,327,828,244,828,265
4000800,1105,144,868,140,237,98
4001000,857,147,562,132,295,89
4001200,1227,209,630,216,597,134
4001400,1233,203,853,201,380,168
4001600,708,150,601,130,107,71
4001800,756,132,510,115,246,96
4001900,674,163,145,81,529,149
4002000,594,110,352,91,242,74
4002200,679,116,436,115,243,68
4002400,763,106,562,112,201,74
4002500,,,,,,
4002600,768,104,640,104,128,68
4002800,939,168,554,166,385,113
4003000,504,92,348,82,156,73
4003100,181,66,73,40,108,57
4003200,538,100,394,96,144,62
4003300,675,181,268,146,407,121
4003400,912,123,756,133,156,57
4003600,890,199,547,189,343,122
4003700,,,,,,
4003800,696,112,317,97,379,95
4003900,293,82,48,33,245,77
4004001,629,113,393,118,236,79
4004002,323,99,98,50,225,101
4004200,1016,193,562,164,454,130
4004300,345,126,,,345,126
4004401,977,125,572,121,405,86
4004500,1135,185,1051,186,84,66
4004700,365,120,133,66,232,95
4005000,,,,,,
4005100,320,81,82,34,238,77
4005200,695,100,355,93,340,81
4005300,1160,229,395,189,765,207
4005400,1931,266,1447,274,484,160
4005500,218,67,75,49,143,54
4005700,587,151,54,34,533,146
4005800,2648,292,1926,326,722,220
4005900,841,152,212,82,629,145
4006100,781,239,215,142,566,182
4006201,3139,313,2747,284,392,220
4006202,2772,454,1330,385,1442,354
4006300,860,211,243,166,617,233
4006501,549,135,61,33,488,137
4006502,577,126,169,105,408,105
4006900,769,188,166,108,603,182
4007100,560,123,143,66,417,109
4007300,648,171,98,56,550,166
4007500,931,275,240,150,691,236
4007700,414,105,164,76,250,74
4007900,656,128,252,110,404,105
4008100,393,87,170,69,223,72
4008300,471,109,147,59,324,84
4008500,212,77,28,27,184,76
4008600,1210,183,930,171,280,129
4008700,417,126,,,417,126
4008800,1555,224,1176,209,379,205
4009100,827,167,367,119,460,132
4009400,702,127,480,120,222,79
4009500,513,82,169,45,344,74
4009600,1251,209,988,206,263,136
4009700,1095,153,488,126,607,116
4009800,573,98,417,104,156,61
4009900,,,,,,
4010000,1527,310,1346,337,181,160
4010100,842,170,398,165,444,145
4010200,955,165,735,157,220,109
4010300,1018,202,485,190,533,135
4010400,898,146,758,148,140,76
4010500,1145,183,331,103,814,176
4010600,928,166,689,152,239,102
4010701,,,,,,
4010800,778,144,541,148,237,98
4011000,1074,212,740,193,334,110
4011100,746,155,355,132,391,111
4011200,604,109,425,112,179,55
4011300,982,206,512,157,470,158
4011400,256,74,104,47,152,72
4011500,530,130,294,100,236,93
4011600,615,112,438,124,177,60
4011700,848,173,406,151,442,152
4011800,782,137,389,120,393,123
4011900,321,90,101,50,220,78
4012000,797,170,501,153,296,139
4012100,674,161,410,150,264,64
4012200,872,142,641,141,231,79
4012301,1136,214,599,195,537,134
4012400,786,146,536,139,250,83
4012500,426,80,97,42,329,76
4012601,577,99,269,71,308,98
4012602,763,225,515,187,248,138
4012800,829,141,555,144,274,82
4013000,589,108,313,105,276,69
4013200,641,114,377,110,264,92
4013400,1610,340,485,165,1125,327
4013500,618,125,402,126,216,80
4013600,579,85,399,64,180,64
4013700,694,122,337,94,357,96
4013800,1150,138,498,127,652,138
4014000,1185,190,721,185,464,150
4014100,303,79,72,55,231,56
4014201,1044,190,405,170,639,173
4014202,572,126,354,113,218,84
4014300,760,170,240,140,520,164
4014400,529,119,331,111,198,78
4014500,588,109,319,95,269,65
4014700,808,143,319,114,489,119
4014800,606,110,430,93,176,89
4014900,364,138,73,75,291,113
4015000,938,135,784,136,154,88
4015100,605,146,229,82,376,127
4015200,913,174,625,156,288,98
4015300,422,91,68,33,354,87
4015400,662,130,500,125,162,67
4015500,391,95,185,58,206,71
4015600,853,131,642,131,211,82
4015700,184,80,,,184,80
4015801,1445,251,1050,260,395,151
4015802,1206,257,1031,264,175,68
4015900,800,198,203,170,597,146
4016100,522,107,151,45,371,108
4016300,532,144,132,75,400,137
4016400,1364,213,1130,186,234,120
4016600,1339,411,1019,394,320,227
4016800,1198,147,937,133,261,104
4016900,1622,340,600,178,1022,337
4017000,1079,214,913,230,166,76
4017100,,,,,,
4017200,787,137,676,135,111,62
4017400,1010,134,844,125,166,86
4017600,803,135,726,127,77,47
4017800,827,180,691,188,136,77
4017900,249,76,73,39,176,73
4018000,377,90,275,93,102,51
4018101,663,124,51,38,612,129
4018102,732,147,183,86,549,131
4018200,981,109,864,122,117,58
4018300,1099,246,451,156,648,186
4018401,644,116,529,116,115,72
4018402,764,124,648,123,116,59
4018501,870,184,461,135,409,117
4018502,493,133,140,54,353,130
4018600,605,108,540,121,65,43
4018700,708,162,420,126,288,119
4018800,556,95,412,83,144,62
4018900,844,197,321,146,523,149
4019000,911,129,722,141,189,104
4019200,768,150,547,143,221,97
4019400,1131,162,912,162,219,95
4019600,966,189,711,168,255,114
4019800,782,129,522,138,260,88
4019900,,,,,,
4020200,588,95,522,92,66,63
4020400,517,81,214,75,303,86
4020500,324,100,98,50,226,94
4020600,519,115,324,116,195,59
4020800,915,171,594,180,321,100
4021200,340,98,89,45,251,91
4021400,1510,230,871,254,639,199
4021600,1045,174,442,118,603,137
4021900,,,,,,
4022001,2305,363,554,224,1751,330
4022002,2511,304,1259,332,1252,318
4022900,,,,,,
4023000,869,144,670,179,199,97
4023200,1811,261,1040,267,771,220
4023500,1683,292,165,115,1518,295
4023600,537,125,166,82,371,97
4023800,771,193,236,176,535,132
4024000,779,149,189,130,590,126
4024300,1724,232,997,212,727,187
4024500,1505,210,796,192,709,168
4024600,,,,,,
4024700,363,83,82,39,281,81
4024900,1166,277,421,159,745,230
4025100,1451,241,822,205,629,190
4025301,994,181,85,52,909,175
4025302,619,139,59,51,560,132
4025400,2591,534,1465,534,1126,326
4025500,355,83,173,59,182,72
4025700,408,86,233,57,175,75
4025800,650,143,540,117,110,64
4025900,916,145,309,88,607,141
4026000,542,94,175,69,367,85
4026100,1117,243,280,147,837,249
4026200,414,73,338,65,76,41
4026300,1185,318,576,251,609,226
4026400,728,147,496,151,232,74
4026500,789,194,177,98,612,170
4026600,385,123,280,107,105,77
4026700,668,158,211,81,457,139
4026901,523,155,205,84,318,134
4026902,374,122,138,53,236,110
4027000,692,121,554,134,138,83
4027100,1197,278,514,212,683,222
4027200,676,135,573,146,103,62
4027300,1366,301,344,183,1022,273
4027400,700,142,592,137,108,78
4027500,1593,529,976,449,617,323
4027600,454,106,403,110,51,37
4027700,1704,336,585,250,1119,293
4027800,595,130,317,104,278,94
4027900,1582,382,939,349,643,214
4028000,618,111,460,120,158,54
4028100,1179,302,473,161,706,264
4028200,549,123,429,111,120,65
4028300,1634,309,517,153,1117,320
4028400,1371,232,1130,234,241,135
4028500,1077,203,619,204,458,147
4028700,1097,317,430,158,667,271
4028800,1552,275,1195,277,357,200
4028900,1022,255,355,126,667,226
4029100,1406,355,466,194,940,341
4029300,287,104,138,51,149,109
4029400,2920,523,1897,515,1023,379
4029500,1036,154,672,141,364,132
4029700,622,173,351,85,271,153
4029900,,,,,,
4030600,1629,223,1390,235,239,107
4030902,2124,356,954,253,1170,293
4030903,1563,208,967,195,596,176
4030904,979,220,637,201,342,108
4031700,1851,274,1240,258,611,186
4032000,1496,319,963,312,533,221
4032700,948,205,649,199,299,96
4032800,913,124,710,121,203,74
4032900,888,228,751,225,137,126
4033000,2795,408,2249,423,546,195
4033100,,,,,,
4033401,1567,160,1183,156,384,108
4033402,5071,571,825,328,4246,641
4033700,952,181,852,179,100,61
4033900,870,236,646,218,224,109
4034700,857,142,529,96,328,103
4035100,1140,252,974,222,166,132
4035200,1092,185,897,197,195,113
4035300,516,123,335,106,181,68
4035700,885,175,693,152,192,101
4035800,1501,223,1000,193,501,181
4036100,533,95,289,74,244,72
4036300,335,82,193,66,142,63
4036500,348,89,193,71,155,62
4036600,1205,137,849,117,356,114
4036700,566,138,447,131,119,59
4036800,1100,154,891,165,209,107
4037100,450,84,372,83,78,54
4037300,594,109,376,92,218,78
4037500,469,97,235,69,234,79
4037600,2573,297,2133,321,440,176
4037700,456,114,244,82,212,94
4037900,861,170,401,104,460,151
4038100,1248,198,742,182,506,154
4038301,,,,,,
4038302,,,,,,
4038400,895,137,650,131,245,100
4039400,1196,150,1045,151,151,70
4039800,813,118,741,127,72,35
4039900,626,184,187,97,439,174
4040000,705,156,624,166,81,52
4040100,785,185,267,115,518,147
4040200,784,127,744,133,40,28
4040300,992,203,363,153,629,158
4040400,1503,224,1131,184,372,142
4040500,273,110,66,45,207,96
4040700,688,177,137,70,551,171
4040900,524,175,191,109,333,140
4041100,609,146,285,106,324,124
4041300,558,146,354,133,204,99
4041400,1412,243,1096,245,316,111
4041500,538,155,226,116,312,104
4042400,1041,160,955,151,86,62
4042600,,,,,,
4042700,539,129,231,125,308,141
4043200,619,91,547,91,72,46
4043400,676,111,627,110,49,34
4043701,592,138,293,128,299,103
4043702,1125,347,659,261,466,200
4043900,529,206,279,114,250,161
4044000,1154,228,625,174,529,210
4044301,444,133,104,78,340,127
4044302,787,234,496,192,291,129
4044400,620,177,287,110,333,148
4044601,652,166,157,88,495,157
4044602,698,173,159,83,539,161
4044800,811,167,506,181,305,73
4045000,777,121,577,115,200,89
4045200,335,115,228,100,107,58
4045400,1424,244,802,219,622,144
4045500,1920,547,,,1920,547
4045600,553,94,446,101,107,65
4045700,709,138,422,145,287,127
4045800,795,132,534,133,261,88
4045900,695,196,428,167,267,140
4046000,1181,258,214,141,967,232
4046100,454,104,258,84,196,60
4046200,1301,334,521,215,780,278
4046300,516,130,329,114,187,87
4046400,597,123,311,91,286,95
4046500,543,181,291,135,252,128
4046600,1107,218,553,187,554,108
4046700,706,229,104,74,602,229
4046800,895,173,617,134,278,139
4046900,1006,286,266,126,740,293
4047000,866,150,611,136,255,111
4047100,618,138,230,78,388,129
4047200,1381,172,939,217,442,145
4047300,828,167,430,122,398,121
4047500,1009,172,424,136,585,135
4047600,825,113,716,110,109,92
4047800,2236,377,1528,286,708,356
4047900,1328,215,655,195,673,177
4048000,809,159,717,159,92,57
4048100,1022,274,502,207,520,200
4048200,483,73,378,70,105,54
4048300,819,156,379,122,440,141
4048400,2181,290,1698,325,483,225
4048500,1140,188,606,152,534,140
4048900,396,73,235,83,161,63
4049200,2272,299,887,272,1385,268
4049301,831,125,519,106,312,100
4049302,860,124,499,129,361,96
4049500,640,88,292,78,348,103
4049600,1264,132,1147,142,117,66
4049700,1111,246,672,216,439,175
4049900,1490,210,940,186,550,174
4050000,1015,224,311,122,704,199
4050201,595,135,494,137,101,55
4050202,624,144,552,146,72,40
4050400,698,113,579,114,119,54
4050500,640,120,339,104,301,93
4050600,594,150,547,154,47,42
4050700,1752,257,1045,231,707,239
4050800,705,161,606,163,99,68
4051000,750,136,667,156,83,63
4051100,839,138,557,130,282,96
4051200,945,199,832,213,113,54
4051300,1048,166,801,195,247,102
4051500,1417,189,994,165,423,170
4051600,793,134,687,137,106,63
4051700,870,154,463,118,407,101
4051800,878,117,768,123,110,75
4052000,611,146,485,125,126,93
4052100,762,114,603,116,159,70
4052200,734,102,674,110,60,54
4052400,789,131,738,139,51,34
4052500,1014,125,730,125,284,89
4052600,738,162,639,166,99,65
4052800,513,100,459,103,54,34
4053000,886,162,775,157,111,69
4053100,1352,222,721,208,631,173
4053200,709,128,583,139,126,65
4053401,831,125,760,132,71,46
4053500,313,85,161,68,152,64
4053601,788,111,651,112,137,86
4053800,683,123,569,113,114,75
4053900,1111,181,694,168,417,117
4054000,1372,199,1051,207,321,127
4054200,1894,296,1546,258,348,157
4054500,624,117,103,72,521,123
4054700,891,210,382,168,509,153
4054800,1016,145,971,150,45,32
4054900,639,171,195,160,444,103
4055100,592,123,85,58,507,113
4055200,1041,238,601,162,440,174
4055300,329,99,77,58,252,80
4055400,1001,129,712,130,289,77
4055500,454,112,207,89,247,71
4055600,981,128,854,164,127,63
4055700,798,192,320,125,478,149
4055800,886,171,827,162,59,56
4055900,245,86,132,91,113,56
4056000,694,111,644,102,50,40
4056100,,,,,,
4056200,788,144,765,154,23,23
4056400,472,88,325,78,147,64
4056500,548,96,290,87,258,87
4056600,592,99,432,96,160,73
4056700,1880,224,1324,263,556,168
4056800,2216,280,1749,323,467,162
4057700,1247,227,599,202,648,209
4057900,482,96,148,62,334,76
4058000,1693,170,1340,208,353,121
4058100,952,185,554,143,398,156
4058200,1954,240,1755,234,199,102
4058300,814,166,270,117,544,155
4058500,885,170,321,116,564,142
4058700,803,162,302,135,501,121
4058900,827,130,270,107,557,118
4059000,687,79,579,91,108,66
4059100,1468,282,537,228,931,228
4059200,782,104,761,109,21,19
4059300,1156,171,542,166,614,151
4059400,908,138,863,139,45,39
4059500,1581,222,844,238,737,180
4059600,,,,,,
4059800,693,106,610,122,83,48
4059900,634,112,502,109,132,53
4060000,568,83,524,94,44,41
4060100,756,141,352,100,404,114
4060300,844,120,531,119,313,121
4060600,643,101,605,103,38,42
4060701,,,,,,
4060800,626,108,597,110,29,26
4061000,,,,,,
4061200,976,143,940,146,36,41
4061301,1586,234,640,209,946,206
4061302,,,,,,
4061400,726,81,651,97,75,45
4061601,1080,147,950,167,130,88
4061602,567,112,529,118,38,33
4061800,768,123,634,124,134,67
4061900,1158,165,665,146,493,140
4062000,,,,,,
4062100,1257,185,576,168,681,160
4062200,1203,137,1027,144,176,103
4062300,912,133,500,137,412,95
4062400,,,,,,
4062500,1101,149,596,128,505,133
4062600,1404,160,1347,161,57,52
4062700,854,155,378,127,476,133
4062900,802,139,418,111,384,130
4063000,,,,,,
4063200,959,117,814,113,145,76
4063301,829,119,535,134,294,82
4063302,759,120,494,121,265,100
4063500,1189,183,872,182,317,100
4063700,1680,249,1395,197,285,172
4063800,1852,219,1597,225,255,100
4063900,1399,229,1013,231,386,156
4064101,1060,109,879,111,181,86
4064102,,,,,,
4064500,755,123,518,116,237,67
4064600,1388,134,1322,139,66,38
4065000,1387,204,1274,207,113,75
4065400,1401,151,1077,170,324,113
4065501,,,,,,
4065600,1932,340,1471,352,461,207
4065702,766,124,454,97,312,94
4065703,1296,222,877,220,419,140
4065900,1030,165,904,179,126,53
4066000,1426,249,1204,251,222,140
4066100,942,110,789,113,153,84
4066300,1402,151,1295,164,107,50
4066400,4395,468,2831,463,1564,415
4066501,2063,295,1467,341,596,173
4066701,1259,191,1050,195,209,104
4066900,725,113,448,104,277,90
4067100,1047,117,948,109,99,61
4067700,851,102,721,97,130,49
4067900,1426,202,503,173,923,183
4068000,2057,209,1566,245,491,179
4068200,402,68,298,73,104,45
4068300,750,142,521,125,229,106
4068700,1194,154,724,152,470,134
4069000,1443,234,912,254,531,140
4069300,814,146,293,100,521,114
4069400,1501,241,1024,232,477,172
4069500,844,112,562,104,282,92
4069701,1175,262,132,50,1043,262
4069702,1622,236,1203,220,419,156
4070300,889,159,694,148,195,72
4070700,1063,114,805,108,258,95
4070900,1009,134,672,121,337,95
4071100,1791,300,1146,232,645,210
4071303,1535,281,481,156,1054,258
4071304,1505,284,582,188,923,253
4071305,1369,259,355,154,1014,252
4071306,1782,509,891,456,891,245
4071600,,,,,,
4071701,1423,270,676,198,747,231
4071702,989,166,710,153,279,80
4071900,749,182,453,146,296,122
4072100,1365,364,968,336,397,198
4072300,1047,94,962,98,85,44
4072900,535,78,490,76,45,34
4073100,537,90,461,82,76,32
4073700,537,121,306,80,231,102
4073900,1549,259,846,191,703,206
4074100,1239,251,927,261,312,84
4074300,1384,191,848,178,536,139
4074500,964,161,302,155,662,136
4074700,1098,185,619,136,479,192
4074900,703,101,537,115,166,76
4075701,1669,255,1042,204,627,224
4075702,1336,202,1116,186,220,106
4076901,1172,219,814,216,358,127
4076902,241,59,68,27,173,66
4077300,857,149,607,166,250,124
4077500,660,135,408,87,252,114
4077902,1967,205,1442,216,525,155
4077903,1420,205,846,199,574,143
4077904,2210,375,1313,342,897,291
4077905,1093,158,941,164,152,81
4077906,1096,179,745,163,351,111
4077907,1142,178,384,140,758,144
4077908,1044,217,90,81,954,206
4078800,696,124,462,114,234,116
4079000,938,137,553,119,385,93
4079200,1049,204,910,204,139,56
4079300,,,,,,
4079701,923,228,344,156,579,170
4079702,689,165,318,112,371,135
4079900,792,175,480,159,312,95
4080301,1170,201,613,160,557,153
4080302,1237,207,824,204,413,159
4080900,2460,375,1692,287,768,399
4081400,1787,343,1389,352,398,205
4081800,1370,270,928,275,442,171
4083700,1575,268,1102,271,473,136
4083800,2663,332,2089,406,574,247
4084000,2194,283,1917,290,277,130
4084500,927,319,242,150,685,291
4084601,1524,174,1203,177,321,111
4084602,378,134,266,112,112,73
4084900,825,304,246,203,579,221
4085300,953,231,478,190,475,168
4085500,824,239,66,66,758,254
4085700,845,173,221,81,624,149
4085900,1321,289,620,260,701,279
4086100,513,88,252,69,261,81
4086300,1128,230,479,169,649,171
4086400,944,128,630,115,314,105
4086500,586,134,199,96,387,136
4086900,294,65,64,30,230,63
4087100,357,121,86,36,271,109
4088400,4760,738,3720,704,1040,342
4088901,2788,427,1997,452,791,283
4089200,5016,583,4604,621,412,214
4090700,505,128,361,125,144,56
4091601,,,,,,
4091602,,,,,,
4091800,,,,,,
4091900,1629,286,791,224,838,272
4092200,1345,144,1310,143,35,27
4092500,1011,223,538,194,473,140
4092800,2191,196,2007,216,184,88
4092900,2735,424,1355,305,1380,369
4093401,1956,232,1433,219,523,179
4093402,2002,256,1357,217,645,193
4093800,1871,332,716,248,1155,290
4093900,2319,321,1608,319,711,222
4094201,1084,170,391,120,693,151
4094202,1327,212,876,212,451,134
4094203,2746,452,1563,425,1183,306
4094500,1866,236,1581,246,285,111
4094700,842,149,435,98,407,143
4095400,1809,274,1215,265,594,159
4096400,2088,232,1510,241,578,160
4097202,315,101,,,315,101
4097203,,,,,,
4097204,936,250,439,209,497,189
4097300,1203,162,1038,172,165,84
4098100,1323,115,1207,132,116,46
4098700,1448,140,1268,139,180,74
4099100,4463,510,4031,509,432,349
4099200,1014,227,478,202,536,162
4099701,1780,250,1494,245,286,155
4099703,2015,222,1457,233,558,165
4099704,4051,412,2954,354,1097,336
4099705,1477,229,1186,284,291,127
4099801,2595,494,786,364,1809,460
4099802,,,,,,
4099900,,,,,,
4100801,1066,130,966,145,100,64
4100802,2651,374,1725,328,926,305
4101001,2677,431,995,347,1682,381
4101002,1464,232,1048,193,416,169
4101700,3363,371,2966,382,397,166
4102900,1878,251,1360,257,518,152
4103201,1079,259,522,204,557,198
4103202,2274,293,825,170,1449,250
4103300,2351,217,1823,241,528,180
4103900,3458,437,2123,397,1335,367
4104700,2992,403,1971,410,1021,242
4105900,2046,233,1841,259,205,100
4107201,1254,122,1032,132,222,80
4107202,,,,,,
4108500,1313,179,955,189,358,130
4109300,2015,152,1775,196,240,117
4109700,983,165,800,161,183,71
4109900,1333,128,1023,133,310,116
4111300,1328,135,1080,153,248,90
4112300,973,131,368,105,605,108
4112900,1118,159,821,142,297,84
4113300,980,116,756,111,224,102
4113900,1584,231,914,213,670,167
4114100,1378,171,1198,164,180,128
4114700,882,96,817,97,65,38
4115100,502,82,472,81,30,24
4115500,693,103,384,81,309,73
4115700,1027,238,736,190,291,147
4115900,1296,241,791,207,505,170
4116100,821,149,324,97,497,140
4116300,1436,284,376,175,1060,271
4116700,399,86,141,51,258,75
4117100,749,95,512,93,237,66
4117500,1947,178,1081,173,866,162
4118100,758,104,355,93,403,96
4118500,488,95,144,59,344,80
4118700,803,162,551,120,252,126
4118900,720,99,471,110,249,83
4119100,974,181,436,129,538,158
4119300,796,132,459,130,337,95
4119500,722,117,623,127,99,86
4119900,701,122,554,148,147,75
4120100,524,100,311,88,213,66
4120300,561,146,484,151,77,48
4120500,447,118,287,99,160,63
4120700,1387,106,1106,133,281,85
4121100,,,,,,
4121500,1768,243,1357,246,411,134
4122300,1690,248,1237,259,453,170
4122701,4367,538,2145,478,2222,533
4122702,1667,384,378,179,1289,332
4124100,1514,195,1103,170,411,177
4124700,1614,200,1412,186,202,117
4125700,1186,204,561,190,625,156
4126500,670,100,549,99,121,59
4126700,988,155,801,129,187,113
4127700,1949,228,1862,215,87,102
4128300,,,,,,
4129102,2127,265,1818,224,309,202
4129103,2283,234,1957,230,326,124
4129104,2509,179,1952,224,557,187
4130100,1948,219,1609,273,339,221
4133300,1770,174,1482,184,288,117
4133900,617,114,578,121,39,37
4134100,1582,259,1322,298,260,108
4134700,4607,423,937,217,3670,397
4136700,2778,357,2219,344,559,256
4137700,3168,335,1925,363,1243,279
4138501,2168,206,1294,215,874,182
4138502,,,,,,
4139900,901,116,808,115,93,49
4140300,1221,154,1093,179,128,67
4140901,620,55,539,77,81,64
4140902,1404,139,1221,158,183,68
4141700,2617,233,2234,280,383,146
4142900,1873,232,1411,240,462,189
4143500,1237,128,1059,137,178,100
4144100,1666,284,1308,280,358,186
4144700,1234,124,891,132,343,101
4145101,510,115,439,119,71,42
4145102,1124,144,666,149,458,112
4145900,1414,150,1143,158,271,116
4146300,1395,256,569,191,826,234
4146700,1378,191,277,123,1101,201
4147100,1620,214,1054,185,566,136
4147900,2391,222,1823,214,568,136
4148300,1845,210,1678,265,167,89
4150701,1780,235,1665,228,115,75
4150702,1710,153,1534,159,176,78
4152901,3948,531,3016,538,932,389
4152902,3076,411,2592,429,484,230
4155101,1158,321,1080,307,78,72
4155102,5021,425,3161,539,1860,382
4156700,250,68,89,40,161,63
4157101,4088,301,3338,359,750,294
4157102,1067,131,737,117,330,85
4157901,2968,249,2689,294,279,136
4157902,2220,260,2124,278,96,66
4157903,2499,255,2101,271,398,128
4161700,2806,263,2374,324,432,213
4162100,2825,277,1957,283,868,218
4990100,,,,,,
3000100,1029,266,732,263,297,145
3000200,133,53,42,28,91,45
3000301,783,148,606,139,177,96
3000501,573,130,356,111,217,85
3000502,381,93,230,77,151,59
3000700,798,137,500,109,298,92
3000900,602,189,267,118,335,148
3001100,136,41,18,14,118,37
3001300,487,74,458,71,29,22
3001500,855,193,231,81,624,190
3001800,,,,,,
3002000,162,71,91,63,71,68
3002100,1236,195,698,160,538,152
3002200,669,177,342,121,327,130
3002300,327,131,,,327,131
3002901,,,,,,
3003000,672,104,433,77,239,93
3003100,515,126,322,83,193,111
3003300,518,163,273,110,245,111
3003400,1030,170,712,157,318,110
3003500,327,80,124,43,203,72
3003600,1077,176,596,132,481,138
3003700,248,76,54,42,194,69
3003800,648,125,476,100,172,81
3003900,375,90,249,76,126,70
3004100,602,144,365,117,237,97
3004300,626,149,237,61,389,132
3004400,1364,132,1228,129,136,58
3004500,593,126,342,105,251,92
3004600,637,87,583,86,54,32
3004700,411,80,214,51,197,60
3004900,406,103,271,81,135,70
3005000,1138,179,814,150,324,101
3005100,694,113,451,113,243,80
3005201,453,130,197,80,256,120
3005202,995,161,575,132,420,116
3005300,712,98,336,75,376,74
3005400,953,134,442,88,511,131
3005601,895,157,455,119,440,112
3005602,525,86,300,88,225,60
3005800,828,153,368,107,460,115
3005900,272,63,36,36,236,62
3006000,698,169,272,105,426,144
3006200,628,122,290,105,338,83
3006300,444,75,177,53,267,67
3006400,1047,216,771,212,276,92
3006500,1302,311,875,329,427,136
3006600,1027,191,369,131,658,163
3006700,851,134,613,120,238,81
3006800,901,181,508,144,393,138
3006900,693,151,402,125,291,92
3007000,709,136,500,114,209,99
3007100,525,149,241,84,284,123
3007200,128,64,37,28,91,58
3007400,599,187,330,144,269,147
3007500,1359,234,948,226,411,139
3007600,559,186,267,128,292,156
3007700,908,202,566,141,342,150
3007800,710,181,276,123,434,154
3008000,607,195,354,144,253,118
3008200,523,175,141,94,382,151
3008400,433,142,127,59,306,132
3008500,505,195,,,505,195
3008600,,,,,,
3008800,434,104,305,90,129,58
3009000,402,106,164,77,238,81
3009200,479,114,198,77,281,93
3009400,657,158,213,73,444,153
3009600,721,182,393,164,328,100
3009800,585,177,211,96,374,134
3010000,562,160,263,90,299,122
3010100,702,138,394,126,308,110
3010200,455,174,140,82,315,147
3010400,627,143,325,114,302,97
3010600,447,118,222,76,225,94
3010800,484,121,147,65,337,101
3011000,322,81,217,77,105,43
3011200,723,208,220,86,503,209
3011400,408,132,231,80,177,95
3011600,469,173,295,143,174,112
3011700,454,100,260,84,194,82
3011800,323,113,106,62,217,102
3011900,317,87,114,40,203,74
3012000,220,67,112,65,108,38
3012100,455,92,244,76,211,74
3012200,466,152,159,83,307,131
3012600,702,127,399,107,303,91
3012700,422,132,91,80,331,102
3012801,507,115,257,94,250,85
3012901,391,119,200,93,191,75
3012902,299,59,165,52,134,46
3013000,864,193,290,128,574,150
3013100,588,116,298,95,290,94
3013200,505,106,304,100,201,80
3013300,1048,165,525,156,523,141
3013400,1010,173,593,151,417,128
3013500,767,108,553,100,214,65
3013600,997,191,700,135,297,124
3013700,844,171,276,102,568,140
3013800,882,180,398,143,484,144
3013900,748,164,346,99,402,132
3014000,792,141,424,116,368,114
3014100,620,129,253,91,367,133
3014200,857,162,365,100,492,146
3014300,744,163,350,137,394,113
3014500,838,142,422,126,416,116
3014700,639,134,391,117,248,84
3014800,483,121,433,119,50,30
3014900,1349,250,871,183,478,159
3015000,864,115,672,123,192,69
3015100,980,165,678,132,302,101
3015200,1053,136,717,123,336,128
3015300,782,163,402,88,380,188
3015400,,,,,,
3015500,803,174,551,145,252,104
3015700,720,193,419,156,301,140
3015900,895,204,562,156,333,118
3016000,978,158,377,130,601,129
3016100,809,214,503,209,306,108
3016200,797,132,282,96,515,144
3016300,558,123,360,90,198,84
3016400,,,,,,
3016500,1502,393,1145,388,357,153
3016600,981,123,923,126,58,32
3016700,1426,238,722,194,704,218
3016800,880,118,754,126,126,78
3016900,1257,228,609,200,648,178
3017000,1150,183,773,160,377,139
3017100,1266,170,869,148,397,133
3017200,1119,184,621,159,498,154
3017400,782,108,567,113,215,76
3017500,,,,,,
3017600,790,109,530,98,260,95
3017700,,,,,,
3017800,756,142,359,84,397,124
3017900,629,161,367,129,262,100
3018000,929,223,719,212,210,96
3018100,757,203,493,185,264,126
3018200,946,141,528,122,418,92
3018300,669,178,392,164,277,87
3018400,1065,130,820,127,245,102
3018501,243,109,26,25,217,113
3018600,657,94,456,102,201,60
3018700,296,74,83,55,213,70
3018800,1207,183,736,159,471,158
3019000,1169,190,551,199,618,146
3019100,713,123,321,104,392,127
3019200,529,117,378,109,151,57
3019300,873,207,666,184,207,118
3019400,896,218,387,126,509,194
3019500,828,173,627,166,201,91
3019600,926,176,425,120,501,155
3019700,805,160,591,142,214,97
3019800,768,132,540,144,228,70
3019900,593,123,327,121,266,91
3020000,729,107,552,107,177,63
3020100,793,240,579,230,214,76
3020200,761,93,581,82,180,65
3020300,398,93,269,88,129,56
3020400,813,112,645,89,168,101
3020500,467,129,253,122,214,83
3020600,987,119,757,126,230,73
3020700,644,199,374,149,270,141
3020800,656,146,345,98,311,146
3021000,903,177,458,130,445,135
3021100,334,85,146,72,188,71
3021200,949,179,531,168,418,150
3021300,,,,,,
3021400,249,62,167,57,82,38
3021500,554,149,321,102,233,108
3021600,545,123,258,101,287,116
3021700,568,158,56,40,512,153
3021800,409,110,282,96,127,73
3021900,498,135,197,98,301,108
3022000,582,176,176,94,406,171
3022100,429,115,162,70,267,105
3022200,384,111,205,86,179,89
3022400,769,181,250,127,519,158
3022600,372,135,185,112,187,64
3022700,634,180,321,138,313,148
3022800,413,111,193,75,220,82
3022900,570,137,301,132,269,78
3023000,487,123,203,91,284,99
3023100,967,158,422,106,545,166
3023200,670,228,353,145,317,151
3023300,782,202,368,127,414,161
3023400,505,125,45,35,460,121
3023500,680,159,276,139,404,96
3023600,597,173,42,32,555,174
3023800,603,204,294,124,309,171
3024000,807,182,318,129,489,172
3024100,316,100,103,78,213,71
3024200,614,103,302,88,312,93
3024300,746,158,401,130,345,108
3024400,778,154,504,152,274,81
3024500,1072,180,622,182,450,120
3024600,881,129,454,97,427,106
3024700,203,102,34,36,169,97
3024800,532,85,335,79,197,67
3024900,778,227,315,161,463,191
3025000,555,128,387,131,168,64
3025100,377,126,132,78,245,83
3025200,1120,209,487,172,633,149
3025300,574,184,343,166,231,91
3025400,780,153,504,136,276,100
3025500,282,104,,,282,104
3025600,650,147,447,134,203,70
3025700,528,124,170,86,358,121
3025800,933,173,390,145,543,132
3025901,231,107,117,86,114,70
3025902,162,95,,,162,95
3026000,822,138,554,117,268,123
3026100,630,248,144,162,486,188
3026200,750,115,477,106,273,87
3026300,333,97,115,46,218,86
3026400,728,154,254,105,474,130
3026500,787,204,526,168,261,109
3026600,870,185,560,154,310,133
3026700,812,176,517,174,295,113
3026800,986,217,467,199,519,132
3026900,635,157,345,138,290,99
3027000,698,141,339,108,359,104
3027100,649,181,197,81,452,164
3027200,926,166,430,144,496,141
3027300,760,185,478,178,282,117
3027400,1076,163,667,155,409,127
3027500,909,197,381,144,528,151
3027600,661,151,140,76,521,132
3027700,758,205,409,179,349,141
3027800,744,196,267,100,477,193
3027900,615,182,304,134,311,133
3028000,530,74,340,69,190,53
3028100,671,191,198,111,473,169
3028200,1037,192,551,170,486,146
3028300,460,146,137,111,323,121
3028400,857,186,211,110,646,143
3028501,,,,,,
3028502,229,134,,,229,134
3028600,1057,277,86,80,971,270
3028700,694,231,373,192,321,148
3028800,897,147,295,123,602,145
3028900,618,181,299,158,319,138
3029000,697,162,226,86,471,130
3029100,513,148,237,124,276,119
3029200,602,108,192,57,410,102
3029300,669,217,315,176,354,109
3029400,377,100,129,62,248,98
3029500,979,183,646,169,333,139
3029600,1203,318,543,321,660,203
3029700,1121,234,904,244,217,101
3029800,1305,245,734,196,571,176
3029900,409,99,176,74,233,82
3030000,934,203,519,161,415,147
3030100,688,202,486,177,202,100
3030200,1478,177,722,171,756,152
3030300,890,259,371,194,519,192
3030400,1348,199,450,122,898,185
3030500,895,211,113,69,782,212
3030600,554,109,358,91,196,74
3030700,476,163,66,64,410,149
3030800,729,136,549,116,180,101
3030900,460,139,240,107,220,82
3031100,304,114,53,58,251,101
3031300,981,422,441,380,540,237
3031400,1660,311,1258,316,402,165
3031500,553,272,163,172,390,214
3031701,732,212,341,164,391,155
3031702,609,150,293,103,316,115
3031900,462,131,115,64,347,130
3032100,590,211,122,99,468,188
3032300,600,135,199,85,401,107
3032500,,,,,,
3032600,825,311,313,203,512,231
3032700,412,139,129,64,283,139
3032800,590,143,383,113,207,114
3032900,781,240,117,83,664,242
3033000,858,189,228,105,630,160
3033100,648,144,300,88,348,126
3033300,693,171,434,164,259,98
3033500,545,101,389,98,156,56
3033600,1919,249,1247,226,672,158
3033700,763,164,285,126,478,157
3033900,657,161,397,142,260,140
3034000,,,,,,
3034100,691,142,133,88,558,135
3034200,485,170,54,46,431,173
3034300,541,206,235,143,306,133
3034500,665,198,352,176,313,141
3034700,424,156,202,136,222,122
3034800,631,125,171,82,460,127
3034900,758,191,124,86,634,172
3035000,1177,253,424,132,753,258
3035100,598,158,180,85,418,145
3035200,105,18,,,105,18
3035300,691,164,220,95,471,153
3035400,1817,312,970,329,847,273
3035500,,,,,,
3035601,940,170,323,131,617,142
3035602,1678,263,810,219,868,220
3035700,294,90,38,47,256,82
3035900,528,232,85,66,443,225
3036001,521,127,250,104,271,97
3036002,493,206,67,62,426,196
3036100,382,136,137,73,245,117
3036200,726,123,325,113,401,149
3036300,678,229,325,149,353,142
3036400,401,96,152,56,249,87
3036501,841,284,113,109,728,273
3036502,267,87,164,75,103,58
3036600,772,164,369,116,403,125
3036700,238,58,88,46,150,54
3036900,719,248,212,132,507,227
3037000,1258,179,978,187,280,101
3037100,1030,216,410,165,620,187
3037300,605,176,296,141,309,126
3037401,1355,223,688,168,667,187
3037402,1345,305,447,253,898,262
3037500,687,152,183,75,504,131
3037700,934,242,651,223,283,107
3037900,974,212,620,199,354,134
3038100,903,207,429,141,474,150
3038200,354,158,68,71,286,134
3038300,994,260,688,229,306,131
3038500,677,229,433,188,244,148
3038600,1172,213,846,195,326,167
3038700,721,174,393,133,328,125
3038800,1306,197,454,137,852,194
3038900,555,143,265,108,290,117
3039000,781,117,532,100,249,79
3039100,591,177,147,93,444,161
3039200,905,197,471,144,434,169
3039300,468,157,194,125,274,107
3039400,529,135,345,116,184,78
3039500,504,157,281,146,223,104
3039600,785,156,442,99,343,169
3039700,622,150,258,126,364,116
3039800,669,133,467,128,202,78
3039900,800,218,233,122,567,237
3040000,768,152,492,129,276,127
3040100,592,185,433,166,159,101
3040200,795,119,467,112,328,119
3040300,703,262,426,231,277,196
3040400,809,104,538,117,271,84
3040500,230,99,98,57,132,73
3040600,907,183,710,174,197,108
3040700,,,,,,
3040800,890,131,555,122,335,119
3040900,564,187,133,111,431,155
3041000,627,92,387,76,240,69
3041100,448,198,221,110,227,169
3041200,875,174,630,126,245,131
3041300,784,173,348,130,436,176
3041401,565,198,303,104,262,172
3041402,752,153,246,91,506,151
3041500,956,233,567,226,389,118
3041600,683,112,413,109,270,78
3041700,394,163,184,108,210,118
3041800,707,137,367,124,340,119
3041900,612,158,165,97,447,153
3042000,569,98,422,95,147,56
3042100,466,164,195,120,271,138
3042200,948,156,404,102,544,148
3042300,560,176,128,78,432,172
3042400,884,208,439,156,445,148
3042500,,,,,,
3042600,810,193,422,144,388,145
3042700,548,173,92,58,456,158
3042800,1065,141,568,144,497,125
3042900,320,106,57,41,263,94
3043000,632,157,184,65,448,141
3043100,,,,,,
3043200,1057,226,473,144,584,199
3043300,362,147,59,62,303,140
3043400,909,174,500,170,409,109
3043500,838,217,438,199,400,126
3043600,1178,260,552,163,626,230
3043700,732,228,253,164,479,159
3043800,755,127,269,91,486,86
3043900,542,155,289,116,253,102
3044000,764,130,568,126,196,60
3044100,668,158,174,119,494,134
3044200,993,163,651,145,342,101
3044300,696,209,168,106,528,215
3044400,1041,200,478,160,563,141
3044500,790,180,232,83,558,159
3044600,540,100,384,83,156,66
3044700,,,,,,
3044800,472,80,360,69,112,43
3044900,,,,,,
3045000,,,,,,
3045200,819,133,561,104,258,95
3045300,242,128,,,242,128
3045400,621,174,348,94,273,155
3045600,500,98,200,75,300,82
3045800,592,116,510,117,82,42
3046000,848,180,500,145,348,160
3046201,532,108,326,94,206,82
3046202,577,84,374,80,203,68
3046400,525,103,345,94,180,70
3046800,387,95,256,86,131,63
3047000,647,94,444,98,203,75
3047200,434,96,249,83,185,78
3047400,417,94,251,61,166,80
3047600,588,115,444,147,144,101
3047700,871,160,374,112,497,139
3047800,691,139,347,134,344,116
3048000,436,132,212,95,224,90
3048100,462,127,125,60,337,120
3048200,964,160,301,89,663,172
3048400,1039,171,428,139,611,143
3048500,382,96,58,38,324,94
3048600,434,110,188,80,246,92
3048800,1029,187,700,201,329,159
3048900,280,138,,,280,138
3049000,1001,201,466,187,535,162
3049100,1231,283,179,128,1052,266
3049200,800,175,511,149,289,151
3049300,764,236,,,764,236
3049400,1166,177,540,146,626,170
3049500,346,99,117,53,229,91
3049600,806,162,469,135,337,121
3049700,650,135,208,106,442,118
3049800,1055,177,530,116,525,143
3049900,487,116,186,76,301,101
3050000,1072,168,713,143,359,103
3050100,810,186,382,155,428,134
3050202,804,104,587,104,217,97
3050300,586,144,325,112,261,107
3050400,1336,240,561,165,775,201
3050500,701,194,93,61,608,186
3050600,888,217,293,151,595,174
3050700,215,62,50,28,165,63
3050801,,,,,,
3050803,187,70,,,187,70
3050804,861,241,145,87,716,222
3050900,283,73,176,53,107,51
3051001,369,124,,,369,124
3051002,,,,,,
3051100,642,169,105,76,537,159
3051200,1001,230,302,185,699,183
3051300,962,264,178,86,784,235
3051400,1337,459,109,90,1228,426
3051500,434,89,118,60,316,87
3051601,,,,,,
3051602,486,115,58,40,428,123
3051700,483,142,192,95,291,114
3051800,758,159,391,114,367,116
3051900,917,239,146,82,771,234
3052000,859,134,472,114,387,109
3052300,476,209,162,102,314,201
3052500,364,163,,,364,163
3052600,1018,205,360,168,658,164
3052700,736,232,70,54,666,227
3052800,592,87,449,74,143,71
3052900,339,105,84,42,255,96
3053000,742,134,377,108,365,145
3053100,623,160,229,105,394,136
3053200,682,92,514,89,168,55
3053300,435,148,193,84,242,121
3053400,653,161,369,123,284,117
3053500,157,93,79,81,78,47
3053700,367,73,82,60,285,67
3053800,1115,269,308,177,807,216
3053900,350,109,89,83,261,75
3054200,1133,233,558,202,575,159
3054300,,,,,,
3054400,997,198,584,185,413,154
3054500,743,214,91,94,652,207
3054600,980,202,338,128,642,166
3054700,870,188,199,98,671,168
3054800,698,136,482,113,216,92
3054900,604,133,210,94,394,108
3055000,953,203,452,160,501,124
3055100,1075,365,514,297,561,175
3055200,815,215,500,196,315,116
3055300,500,122,248,84,252,104
3055400,850,140,175,79,675,128
3055500,1662,245,737,157,925,189
3055600,997,173,426,108,571,147
3055700,287,90,85,44,202,78
3055800,735,109,350,92,385,83
3056000,949,131,617,138,332,96
3056100,771,146,267,101,504,124
3056200,,,,,,
3056300,1039,302,308,177,731,268
3056400,1047,149,885,159,162,51
3056500,723,173,220,123,503,150
3056600,1026,137,576,93,450,108
3056800,653,94,520,101,133,57
3056900,332,62,128,39,204,59
3057000,,,,,,
3057100,705,187,354,152,351,114
3057200,960,308,,,960,308
3057300,545,135,202,80,343,112
3057400,1097,147,962,149,135,56
3057500,963,257,336,157,627,202
3057600,884,113,617,116,267,87
3057800,619,114,297,81,322,98
3057900,98,52,17,14,81,50
3058000,980,213,501,213,479,135
3058200,671,153,379,130,292,125
3058400,924,175,291,125,633,151
3058600,773,107,565,99,208,86
3058800,842,146,545,155,297,111
3058900,480,78,261,70,219,66
3059000,445,86,261,72,184,61
3059100,817,148,323,112,494,114
3059200,966,189,426,134,540,161
3059300,520,96,145,49,375,90
3059401,2247,348,1550,270,697,241
3059402,2112,206,1829,232,283,91
3059600,990,157,672,130,318,165
3059800,1254,200,662,184,592,161
3060000,2285,301,1555,302,730,223
3060600,672,139,357,117,315,110
3060800,1120,190,407,127,713,168
3061002,1789,229,1153,247,636,197
3061003,194,68,94,40,100,56
3061004,846,190,266,115,580,187
3061200,541,95,509,97,32,26
3061600,,,,,,
3062000,920,116,670,135,250,82
3062200,1145,186,575,200,570,174
3062600,931,150,643,159,288,90
3062800,2293,241,2141,260,152,89
3063200,633,96,553,98,80,32
3063600,493,93,493,93,,
3063800,859,115,670,116,189,70
3064000,783,101,768,100,15,13
3064200,875,136,537,116,338,78
3064400,952,123,770,129,182,63
3064600,769,118,627,137,142,74
3064800,880,118,764,115,116,52
3065000,521,94,446,93,75,46
3065200,674,103,602,114,72,51
3065400,756,113,707,114,49,35
3065600,784,100,713,112,71,53
3065800,841,153,686,116,155,128
3066000,1046,122,1004,131,42,44
3066200,652,77,555,87,97,46
3066600,,,,,,
3067000,1019,154,747,143,272,85
3067200,582,160,503,175,79,46
3067400,608,101,508,89,100,68
3067600,582,101,384,103,198,81
3067800,1154,179,879,176,275,104
3068000,656,170,553,174,103,55
3068200,993,145,851,143,142,114
3068600,673,145,480,119,193,108
3068800,629,97,570,102,59,39
3069000,706,130,599,125,107,63
3069200,1168,176,820,173,348,142
3069601,1292,231,620,203,672,167
3069602,2907,318,2260,332,647,254
3069800,690,109,629,112,61,38
3070000,904,118,631,117,273,111
3070201,3789,508,3426,521,363,165
3070202,,,,,,
3070203,,,,,,
3070600,1605,258,1408,276,197,106
3072000,638,123,189,73,449,113
3072200,886,152,656,152,230,89
3072400,760,118,547,135,213,92
3072600,,,,,,
3072800,1475,298,1083,224,392,209
3073000,,,,,,
3073200,826,144,637,142,189,74
3073400,710,129,629,126,81,57
3073600,928,187,569,160,359,111
3073800,926,187,646,180,280,106
3074000,930,158,504,120,426,137
3074200,828,118,579,114,249,72
3074400,882,139,779,128,103,102
3074600,797,120,648,106,149,74
3074800,680,124,568,119,112,50
3075000,698,113,428,83,270,109
3075200,,,,,,
3075400,648,105,583,106,65,52
3075600,802,103,647,119,155,66
3075800,787,147,657,151,130,57
3076000,855,140,613,148,242,86
3076200,954,186,549,164,405,118
3076400,822,258,214,81,608,241
3076600,505,115,249,90,256,84
3076800,809,126,249,98,560,129
3077000,693,245,334,156,359,205
3077200,927,162,595,182,332,119
3077400,822,266,84,69,738,255
3077600,1209,220,805,169,404,137
3078000,710,146,569,139,141,78
3078200,931,180,439,122,492,145
3078400,770,106,622,112,148,67
3078600,1129,234,583,209,546,153
3078800,559,137,126,59,433,123
3079000,796,223,419,203,377,121
3079200,604,151,186,79,418,155
3079400,312,87,157,74,155,73
3079601,563,209,112,55,451,204
3079602,716,190,181,116,535,167
3079801,483,141,240,111,243,100
3079802,606,235,41,36,565,234
3080000,1124,277,742,273,382,160
3080200,753,184,408,130,345,143
3080400,901,297,596,316,305,130
3080600,677,149,225,96,452,136
3080800,,,,,,
3081000,584,125,136,84,448,123
3081400,597,106,312,84,285,81
3081600,448,102,214,75,234,80
3081800,900,179,272,163,628,177
3082000,,,,,,
3082200,502,177,151,86,351,163
3082400,875,225,470,211,405,166
3082600,953,217,556,183,397,124
3082800,698,161,298,121,400,134
3083000,1006,220,213,137,793,203
3083200,711,99,514,114,197,77
3083400,530,96,399,84,131,74
3083600,624,112,472,110,152,68
3083800,708,110,626,117,82,66
3084000,792,119,564,87,228,101
3084600,699,118,514,96,185,76
3084800,477,122,393,108,84,66
3085000,493,92,443,87,50,52
3085200,,,,,,
3085400,499,101,360,98,139,60
3085600,706,171,197,73,509,170
3085800,597,118,436,111,161,66
3086000,955,222,490,206,465,154
3086200,738,199,208,117,530,165
3086400,637,146,454,139,183,77
3086600,648,156,454,135,194,87
3086800,546,114,218,102,328,119
3087000,730,176,468,154,262,101
3087200,808,223,456,152,352,188
3087401,697,182,296,137,401,138
3087600,425,103,276,90,149,64
3087800,477,110,114,64,363,109
3088000,807,231,405,176,402,159
3088200,1360,431,593,362,767,275
3088400,778,198,338,176,440,132
3088600,746,187,238,122,508,158
3088800,1022,230,558,182,464,175
3089000,688,204,270,156,418,188
3089200,365,171,66,67,299,154
3089400,607,163,391,131,216,105
3089600,596,217,357,179,239,118
3089800,387,106,243,83,144,68
3090000,475,141,172,59,303,126
3090200,404,97,299,82,105,66
3090600,,,,,,
3090800,95,90,,,95,90
3091000,172,127,,,172,127
3091200,230,171,,,230,171
3091600,587,215,376,199,211,100
3091800,478,113,374,113,104,51
3092000,510,146,375,99,135,105
3092200,702,188,327,179,375,102
3092400,267,112,73,56,194,99
3092800,819,189,452,168,367,120
3093000,1102,136,777,163,325,93
3093200,,,,,,
3093400,886,122,629,101,257,89
3093600,544,80,450,87,94,46
3093800,688,139,488,135,200,87
3094401,1248,223,934,222,314,136
3094402,416,210,,,416,210
3094600,729,132,565,124,164,80
3095000,823,142,538,140,285,99
3095400,1471,305,1062,342,409,153
3095600,1144,234,760,210,384,150
3095800,1188,179,788,174,400,116
3096000,,,,,,
3096200,493,115,288,114,205,81
3096400,461,109,375,106,86,47
3096600,705,157,481,145,224,121
3096800,395,111,302,117,93,73
3097000,825,155,450,132,375,140
3097400,587,118,368,116,219,76
3098200,451,124,,,451,124
3098400,670,149,493,136,177,67
3098600,885,130,505,117,380,112
3098800,1089,218,578,227,511,169
3099000,602,98,452,107,150,61
3099200,728,143,531,120,197,107
3099400,710,120,440,123,270,81
3099600,1103,210,752,206,351,149
3099800,1248,251,822,199,426,189
3100400,929,161,549,130,380,127
3100600,1003,168,738,144,265,126
3100800,782,143,624,138,158,54
3101000,819,145,656,126,163,77
3101200,762,104,515,114,247,84
3101400,818,126,606,125,212,76
3101600,591,81,539,81,52,34
3101800,1003,127,919,121,84,62
3102000,857,124,610,139,247,123
3102200,799,153,555,138,244,96
3102400,793,131,583,129,210,99
3102600,1236,167,782,181,454,129
3102800,674,114,458,108,216,90
3103400,534,164,,,534,164
3105801,,,,,,
3105804,,,,,,
3107000,693,159,487,121,206,108
3107800,1547,249,1124,221,423,179
3109800,425,105,158,76,267,84
3110400,1003,204,529,157,474,190
3110600,,,,,,
3111000,395,155,,,395,155
3111600,739,208,451,149,288,188
3111800,637,153,321,128,316,104
3112000,520,166,261,107,259,143
3112200,751,204,495,194,256,112
3112400,793,218,503,196,290,145
3112600,552,172,273,127,279,123
3112800,793,183,465,148,328,152
3113000,835,178,542,193,293,117
3113200,498,106,394,104,104,75
3113400,,,,,,
3114201,387,106,226,95,161,67
3114202,745,146,523,146,222,94
3114400,394,125,151,86,243,93
3114600,673,180,458,179,215,85
3115000,539,128,285,108,254,96
3115200,660,264,390,238,270,105
3115600,438,134,173,91,265,107
3115800,502,125,350,110,152,78
3116000,451,136,245,89,206,100
3116200,669,115,483,105,186,73
3116400,787,152,476,134,311,112
3116600,623,153,304,111,319,109
3116800,398,126,189,84,209,108
3117000,177,82,110,65,67,48
3117201,667,121,470,129,197,74
3117202,693,219,467,180,226,130
3117400,540,139,361,104,179,105
3117601,367,81,204,82,163,59
3117602,556,138,334,123,222,99
3117800,308,86,137,59,171,76
3118000,,,,,,
3118201,507,124,316,107,191,89
3118202,564,130,381,123,183,65
3118400,868,231,540,199,328,127
3118600,595,153,383,127,212,69
3118800,720,208,320,118,400,177
3119000,270,97,156,82,114,64
3119200,580,176,308,141,272,115
3119400,767,192,340,141,427,175
3119600,999,241,518,212,481,167
3119800,606,172,310,176,296,135
3120000,367,120,210,91,157,65
3120200,360,99,179,82,181,94
3120800,1865,372,921,302,944,218
3121000,368,269,,,368,269
3121400,411,129,,,411,129
3122000,1149,290,400,195,749,222
3123700,583,129,247,90,336,120
3150200,916,151,593,146,323,97
3152200,1274,158,998,182,276,125
3990100,,,,,,
5000300,800,101,365,79,435,79
5000600,1115,242,847,249,268,89
5000700,1349,304,449,230,900,283
5000800,2511,300,2072,292,439,167
5000900,480,116,357,117,123,48
5001100,750,218,523,179,227,106
5001700,684,137,455,130,229,103
5001800,,,,,,
5002001,1145,172,803,198,342,125
5002002,1641,227,1391,237,250,107
5002100,1470,271,709,214,761,198
5002700,243,98,87,60,156,87
5002900,1013,254,694,211,319,143
5003300,1751,248,1146,206,605,180
5003600,1394,164,897,169,497,148
5003900,1094,137,263,94,831,147
5004000,4220,704,2772,715,1448,591
5004700,1541,225,1297,265,244,135
5005000,2174,260,1773,245,401,162
5005900,1776,207,1326,198,450,176
5006400,1444,277,1160,240,284,145
5006700,1664,195,1448,204,216,80
5007000,4252,439,3574,464,678,243
5007400,2106,260,1664,262,442,152
5007500,1429,237,1100,259,329,167
5007700,532,115,378,112,154,75
5008100,1401,260,1235,230,166,73
5009601,2285,251,1879,261,406,162
5009602,1717,261,1225,272,492,201
5009700,2346,237,1748,275,598,190
5010500,1703,208,1276,190,427,166
5011201,3038,379,2440,383,598,260
5011202,2701,423,2039,319,662,343
5011401,1209,255,857,205,352,171
5011402,1888,219,1520,265,368,179
5012100,1878,173,1733,190,145,141
5012200,2504,274,2026,348,478,183
5012500,1262,176,1011,169,251,97
5012804,2427,242,2013,263,414,187
5012805,1530,242,1266,195,264,211
5012806,2373,450,1775,447,598,212
5013201,995,112,929,126,66,45
5013203,3662,395,3256,386,406,187
5013204,3025,329,2485,329,540,153
5013301,,,,,,
5013302,1068,190,801,211,267,128
5013400,2431,246,1983,250,448,152
5013800,4205,399,3655,411,550,252
5014100,1129,143,866,160,263,87
5014604,3713,382,3315,400,398,281
5014605,2558,253,2324,282,234,101
5014606,3923,379,3663,415,260,170
5014607,2664,260,2326,327,338,141
5014608,2022,283,1901,269,121,149
5014700,1934,189,1645,182,289,110
5015100,3180,327,2805,358,375,193
5015400,,,,,,
5015601,4404,399,3880,419,524,274
5015602,2119,219,1999,215,120,98
5015603,2716,349,2291,352,425,150
5016901,1909,195,1674,241,235,125
5017005,3299,247,3021,284,278,123
5017007,2940,240,2784,255,156,97
5017008,5039,384,4760,367,279,185
5017009,2863,262,2450,302,413,214
5017010,5286,368,4841,452,445,241
5017011,2958,243,2620,246,338,117
5017012,2835,258,2357,286,478,146
5017300,890,104,617,105,273,98
5017600,3647,317,3354,360,293,161
5017700,4063,538,3740,560,323,181
5018100,1975,203,1828,231,147,103
5018701,1003,88,748,100,255,79
5018702,3630,413,3062,449,568,294
5018901,3243,415,2661,392,582,340
5018902,2882,241,2357,251,525,166
5019700,1156,89,1049,94,107,41
5019800,4554,473,4283,515,271,151
5020100,1849,209,1466,194,383,146
5020700,1527,361,1202,320,325,174
5020801,5380,426,4681,423,699,332
5020803,4837,357,4516,391,321,238
5020804,3930,244,3683,284,247,133
5021300,2228,381,1698,399,530,204
5022300,1160,178,964,169,196,103
5022600,5091,377,4210,485,881,419
5022800,,,,,,
5023100,1898,308,1343,267,555,247
5023900,1603,331,1393,317,210,110
5024401,3945,446,3451,515,494,192
5024402,3162,307,2759,343,403,196
5024700,1301,164,923,163,378,121
5024800,3499,435,2964,509,535,163
5025100,4390,336,4081,406,309,248
5027301,2121,226,1935,227,186,112
5027302,2115,258,1552,285,563,217
5027702,3378,395,2414,357,964,369
5027704,2826,261,2478,294,348,165
5027705,2908,278,2546,321,362,154
5027706,1774,198,1455,210,319,134
5027900,1216,122,1124,129,92,42
5029102,1706,253,1569,240,137,127
5029103,4967,520,4301,579,666,258
5029104,3897,348,3464,321,433,234
5030301,2839,208,2349,258,490,170
5030302,3032,331,2467,364,565,225
5031901,751,223,657,224,94,70
5031902,1760,322,1343,303,417,191
5032300,472,103,421,103,51,38
5990100,,,,,,
1000100,,,,,,
1000201,110,72,,,110,72
1000202,729,232,385,155,344,158
1000500,,,,,,
1000600,438,195,48,44,390,192
1000700,536,251,112,110,424,218
1000800,,,,,,
1000900,183,63,65,33,118,53
1001001,409,69,288,64,121,59
1001002,341,182,,,341,182
1001200,602,126,300,71,302,116
1001300,564,167,240,127,324,133
1001401,660,117,539,106,121,70
1001402,140,71,,,140,71
1001501,1045,255,674,181,371,185
1001502,927,244,266,176,661,248
1001600,,,,,,
1001800,449,173,108,84,341,162
1002000,260,93,,,260,93
1002100,741,167,447,143,294,117
1002201,792,283,101,77,691,273
1002202,114,62,,,114,62
1002400,281,127,,,281,127
1002500,402,192,,,402,192
1002601,,,,,,
1002602,448,156,147,101,301,160
1002700,199,74,167,67,32,31
1002800,789,256,126,81,663,253
1002900,551,176,98,55,453,173
1003001,199,115,,,199,115
1003002,205,112,58,28,147,112
1003100,82,38,40,24,42,30
1003200,1211,382,302,160,909,364
1003300,805,280,427,154,378,229
1003400,,,,,,
1003601,301,123,88,76,213,97
1003602,261,106,95,73,166,88
1003700,545,165,389,133,156,80
1003800,,,,,,
1003900,1306,346,764,311,542,192
1004000,529,219,243,125,286,164
1004100,432,173,134,113,298,127
1004200,182,76,143,66,39,34
1004300,521,242,239,212,282,175
1004400,2660,724,,,2660,724
1004500,173,72,85,40,88,59
1004700,266,111,135,87,131,71
1004800,702,262,602,251,100,65
1004900,516,174,179,96,337,158
1005000,733,185,466,185,267,126
1005200,495,139,306,89,189,106
1005400,931,241,695,198,236,149
1005501,606,153,258,121,348,111
1005502,280,97,167,78,113,67
1005600,704,233,360,138,344,200
1005700,572,144,470,132,102,51
1005800,455,147,166,81,289,127
1005900,1171,275,919,231,252,128
1006000,771,190,,,771,190
1006100,755,248,557,230,198,123
1006200,,,,,,
1006300,1245,377,861,360,384,166
1006400,1197,361,579,267,618,326
1006500,583,222,169,102,414,210
1006600,1686,575,886,448,800,439
1006700,617,218,337,166,280,149
1006800,1246,600,1097,582,149,123
1006900,430,100,293,94,137,59
1007000,850,297,459,215,391,226
1007100,673,206,536,198,137,75
1007200,912,503,264,177,648,476
1007300,1007,522,589,489,418,167
1007400,232,132,115,64,117,105
1007500,755,221,572,206,183,106
1007600,150,88,84,79,66,49
1007700,667,244,384,180,283,142
1007800,580,226,233,141,347,175
1007900,860,286,647,267,213,83
1008000,536,175,425,153,111,62
1008100,730,341,622,329,108,84
1008200,400,159,236,121,164,95
1008300,260,146,73,76,187,128
1008400,194,82,82,58,112,61
1008601,429,124,167,83,262,96
1008602,,,,,,
1008603,1319,366,913,278,406,227
1008700,1143,688,767,681,376,214
1008800,1225,317,982,327,243,167
1008900,557,192,299,152,258,138
1009000,1080,338,807,307,273,163
1009100,809,297,468,237,341,187
1009200,137,93,47,40,90,80
1009300,1548,384,902,323,646,285
1009400,,,,,,
1009500,288,89,175,80,113,60
1009600,,,,,,
1009700,434,161,389,155,45,44
1009800,1432,339,881,292,551,255
1009900,659,174,95,67,564,172
1010000,,,,,,
1010100,,,,,,
1010200,,,,,,
1010300,,,,,,
1010400,,,,,,
1010601,2011,338,1761,367,250,167
1010602,802,211,225,129,577,184
1010800,1180,315,797,244,383,228
1010900,,,,,,
1011000,1231,364,594,288,637,273
1011100,438,206,86,70,352,190
1011201,144,40,60,31,84,27
1011202,110,77,110,77,,
1011203,205,53,148,51,57,37
1011300,,,,,,
1011401,193,59,102,49,91,44
1011402,285,100,203,80,82,57
1011500,374,158,157,93,217,132
1011600,404,187,105,92,299,203
1011700,505,195,,,505,195
1011800,1657,416,589,274,1068,361
1011900,72,6,,,72,6
1012000,1006,282,710,226,296,189
1012100,360,159,,,360,159
1012200,591,207,553,206,38,41
1012400,1547,327,503,227,1044,288
1012500,,,,,,
1012600,2284,653,1145,400,1139,489
1012700,1075,415,648,354,427,280
1012800,1389,281,1272,288,117,67
1012900,753,321,253,159,500,266
1013000,912,259,844,255,68,55
1013100,339,129,88,68,251,117
1013200,1693,472,596,296,1097,370
1013300,522,201,93,64,429,191
1013400,1995,538,1380,473,615,325
1013500,812,296,65,62,747,293
1013600,2865,583,1344,433,1521,435
1013700,1094,392,737,312,357,244
1013800,1995,584,1173,504,822,375
1013900,1281,484,518,286,763,454
1014000,1229,245,993,215,236,114
1014200,1263,242,1103,217,160,97
1014300,,,,,,
1014401,938,183,691,157,247,109
1014402,1236,214,673,173,563,169
1014500,703,182,437,130,266,113
1014601,372,245,69,46,303,248
1014602,1230,330,366,170,864,283
1014700,542,120,131,67,411,103
1014801,441,112,301,91,140,60
1014802,1035,305,589,283,446,189
1014900,1038,224,519,181,519,161
1015001,462,99,298,78,164,71
1015002,1293,230,1175,223,118,64
1015100,1492,451,225,143,1267,459
1015200,844,264,303,120,541,247
1015300,1718,318,866,292,852,240
1015400,2392,735,1582,608,810,323
1015500,2563,432,1781,376,782,297
1015601,,,,,,
1015602,441,171,49,40,392,160
1015700,1303,443,601,261,702,359
1015801,1094,245,730,200,364,137
1015802,,,,,,
1015900,2153,440,1792,416,361,193
1016001,943,160,814,148,129,77
1016002,340,125,265,104,75,56
1016100,787,205,403,135,384,185
1016200,903,313,400,214,503,241
1016300,1190,314,824,280,366,175
1016400,,,,,,
1016500,1034,266,465,157,569,224
1016600,378,178,73,65,305,151
1016700,1017,204,570,157,447,133
1016800,474,149,122,75,352,131
1016900,1404,318,635,259,769,289
1017000,994,247,133,89,861,236
1017100,1231,379,1017,330,214,170
1017200,433,187,124,84,309,183
1017300,1019,302,671,270,348,209
1017401,282,125,118,68,164,100
1017402,189,69,46,33,143,65
1017500,1965,409,1241,320,724,311
1017700,1204,351,466,143,738,331
1017800,444,136,54,33,390,136
1017900,1240,533,476,185,764,550
1018000,331,133,,,331,133
1018100,1470,416,683,339,787,293
1018200,,,,,,
1018300,1176,331,477,191,699,285
1018400,,,,,,
1018500,868,216,519,166,349,122
1018600,,,,,,
1018700,1296,322,752,279,544,199
1018800,515,209,100,63,415,201
1018900,1166,338,428,176,738,270
1019000,455,118,285,88,170,82
1019100,1264,329,536,206,728,352
1019200,,,,,,
1019300,570,202,173,106,397,194
1019400,370,168,39,34,331,164
1019500,1019,230,534,158,485,172
1019600,255,179,,,255,179
1019701,134,61,,,134,61
1019702,332,143,144,102,188,110
1019800,520,148,376,140,144,63
1019900,991,254,575,207,416,211
1020000,532,172,256,147,276,142
1020101,74,36,34,32,40,17
1020102,433,131,94,75,339,123
1020300,109,54,11,12,98,50
1020500,475,108,123,47,352,99
1020600,272,112,153,104,119,54
1020701,,,,,,
1020800,818,300,354,211,464,189
1020901,,,,,,
1021000,599,264,130,104,469,249
1021100,1558,399,692,314,866,273
1021200,634,179,66,53,568,165
1021303,,,,,,
1021400,,,,,,
1021500,224,94,,,224,94
1021600,1015,364,143,107,872,350
1021703,,,,,,
1021800,1008,271,70,57,938,252
1021900,528,239,,,528,239
1022000,767,244,267,137,500,190
1022102,503,179,252,127,251,136
1022200,395,116,148,86,247,85
1022301,769,326,184,116,585,307
1022302,,,,,,
1022400,622,213,126,82,496,192
1022500,936,255,256,129,680,261
1022600,564,183,114,54,450,170
1022700,425,182,138,76,287,180
1022800,847,303,545,274,302,146
1022900,1061,371,255,278,806,269
1023000,1007,322,66,72,941,320
1023100,759,209,102,84,657,186
1023200,,,,,,
1023300,466,244,107,87,359,228
1023400,349,180,135,139,214,127
1023501,630,207,181,119,449,182
1023502,,,,,,
1023600,854,247,470,222,384,165
1023700,,,,,,
1023801,648,170,249,131,399,162
1023802,,,,,,
1023900,173,92,63,72,110,68
1024000,,,,,,
1024100,1062,260,495,146,567,225
1024200,308,113,,,308,113
1024301,,,,,,
1024302,,,,,,
1024500,,,,,,
1024700,1056,355,324,195,732,353
1024900,,,,,,
1025100,,,,,,
1025300,950,263,126,149,824,277
1025500,665,231,,,665,231
1025700,653,147,309,87,344,145
1025900,552,165,336,97,216,125
1026100,,,,,,
1026300,,,,,,
1026500,845,227,178,106,667,196
1026700,289,77,,,289,77
1026900,507,206,81,66,426,194
1027100,859,244,347,204,512,155
1027300,863,206,271,111,592,198
1027500,661,169,466,128,195,106
1027700,315,143,,,315,143
1027900,1033,311,78,55,955,303
1028100,497,83,119,46,378,83
1028300,1018,246,323,154,695,186
1028500,541,165,,,541,165
1028700,518,151,47,51,471,155
1029100,1152,340,86,57,1066,336
1029300,,,,,,
1029500,1051,240,119,87,932,226
1029700,,,,,,
1029900,,,,,,
1030300,,,,,,
1030700,896,204,426,80,470,197
1030900,1401,327,204,123,1197,302
1031100,,,,,,
1031703,729,203,113,77,616,196
1031704,1310,303,701,233,609,214
1031900,,,,,,
